p,f,a1,a2,a3,a4,b1,b2,b3,b4,c1,c2,c3,c4,g1,g2,l1,l2,l3,l4,e1,e2,size,altitute,agents,sd_trans
0.6,0.4,2.4,0.19,3.3,0.19,2.1,0.23,2,0.26,2,0.23,2.9,0.29,0.119,1.7,0.194,1,0.065,1.2,2.2,0.2,1856,average,950+,43
0.7,0.4,2.9,0.12,1.1,0.28,1.5,0.14,4.6,0.18,3.9,0.22,1.3,0.25,0.129,1.5,0.108,1.2,0.048,0.9,0.2,1.9,880,average,950+,43.1
0.7,0.5,1.9,0.3,1.8,0.15,2.7,0.11,1.2,0.12,1.1,0.26,4,0.16,0.038,1.2,0.049,1.1,0.007,1.7,2.7,1,1920,high,50+,20.4
0.8,0.3,1.3,0.29,3.6,0.15,3.6,0.22,4.6,0.29,3,0.12,2.4,0.14,0.016,1.8,0.113,0.8,0.044,1.6,2.9,2.6,1560,average,50+,6.1
0.7,0.4,3.6,0.17,2.4,0.11,1.3,0.26,4.8,0.19,3.8,0.13,2.7,0.23,0.113,1.6,0.078,1.5,0.097,1.1,0.5,1.3,1188,average,50+,28.6
NA,0.4,3.9,0.11,1.6,0.12,4.1,0.16,2.5,0.3,1.5,0.15,5,0.28,0.165,1.1,0.03,0.5,0.066,NA,1.3,2.8,294,low,50+,35.5
0.9,0.3,1.1,0.16,1.1,0.17,3.9,0.18,2.6,0.25,2.6,NA,3.6,0.3,0.01,2,0.119,1,0.08,1.2,2.8,1.7,1392,low,50+,3.1
0.8,0.4,4.7,0.25,1.9,0.21,1.6,0.11,2.2,0.28,2.5,0.28,1.9,0.28,0.064,1.5,0.074,0.8,0.087,1,0.5,0.3,2880,high,50+,21.7
0.8,0.4,3.7,0.22,1.4,0.11,2.9,0.11,1.9,0.22,1.5,0.14,4,0.15,0.172,1.2,0.041,1.6,0.002,0.8,0.6,2.9,4640,high,50+,20.2
0.8,0.4,2.9,0.18,1.2,NA,3.5,0.26,2.4,0.15,2,0.22,1.1,0.17,0.063,1.9,0.157,1.2,0.045,1.4,0.6,1.2,2880,high,50+,21.7
0.8,0.4,3,0.22,3.1,0.17,2.8,0.28,2.9,0.28,2.1,0.19,2.3,0.21,0.053,1.8,0.062,1.4,0.086,1.5,2.3,2.6,5000,high,50+,13.3
0.5,0.3,2.2,0.17,4.8,0.15,1.4,0.22,2.8,0.13,3.5,0.26,1.9,0.13,0.01,1.6,0.028,0.8,0.046,1.6,3,1.3,3480,high,50+,5.3
0.6,0.3,1.4,0.27,3.6,0.15,2.9,0.25,1.9,NA,2.3,0.14,2.4,0.29,0.025,1.8,0.009,1.8,0.045,1.1,1,1.5,1584,average,50+,14.2
0.8,0.3,4.6,0.12,2.1,0.17,2.4,0.25,1.8,0.29,1.2,0.29,3.4,0.21,0.108,0.9,0.043,0.6,0.081,1.5,0.3,1.9,528,low,50+,37.8
0.6,0.5,NA,0.12,4.8,0.17,1.7,0.21,4.3,0.22,4.3,0.23,4.8,0.15,0.023,1.5,0.039,1.6,0.001,1.2,0.6,2.8,4914,high,100+,12.2
0.6,0.3,1.1,0.22,3,NA,1.1,0.12,1.1,0.17,4.2,0.16,1.9,0.19,0.09,1.5,0.069,1.3,0.036,1.5,2.9,2.2,3780,average,100+,13.5
0.7,0.3,4.8,0.18,3.3,0.24,1.7,0.21,2.2,0.18,2.9,0.22,4.7,0.23,0.161,1.3,0.094,1.7,0.03,0.7,1.2,2,2646,high,100+,23.3
0.6,0.5,2.8,0.29,2.1,0.22,2.6,0.18,4.8,0.24,2.4,0.14,3.7,0.11,0.023,1.7,0.163,1.7,0.016,0.9,2.9,0.7,750,low,100+,29.8
0.8,0.3,3.6,0.25,2.2,0.11,4.6,0.13,4.5,0.15,1.3,0.15,4.4,0.23,0.154,0.7,0.14,1.3,0.008,1.1,2,0.8,1232,average,100+,29.3
0.6,0.4,4,0.2,1.6,0.11,3.9,0.26,2.1,0.14,4.3,0.12,2.1,0.26,0.103,1.8,0.158,1.6,0.01,0.6,0.8,1.1,3675,average,100+,26.6
0.6,0.2,2.1,0.17,2.6,0.17,3.1,0.29,2.4,0.23,2.7,0.21,1.5,0.23,0.126,1.7,0.048,0.7,0.069,1.5,2.8,1.3,3080,high,100+,13.4
0.6,0.3,1.6,0.13,1.6,0.14,3,0.16,1.6,0.13,2.1,0.28,4.4,0.25,0.037,0.6,0.027,1.3,0.016,1.3,3,1.7,2784,average,100+,17.3
0.7,0.5,5,NA,3.5,0.24,2.9,0.16,4.2,0.2,4.8,0.15,1.9,0.16,0.198,1.8,0.12,1.9,0.032,1.8,0.3,0.5,1440,high,100+,28.5
0.8,0.3,3.7,0.26,1.6,0.13,4.2,0.23,1.9,0.27,2.6,0.27,3.6,0.3,0.061,1,0.03,1.8,0.099,0.9,3,1,325,low,100+,28.6
0.8,0.4,3.3,0.27,2.5,0.28,1.2,0.27,2.3,0.18,2.8,0.1,2.7,0.13,0.138,1.6,0.018,1.1,0.071,1.5,NA,1.9,1092,average,100+,27.3
0.9,0.3,1.2,NA,4.4,0.3,1.5,0.25,3.8,0.12,4.2,0.15,4.5,0.25,0.129,0.7,0.101,1.9,0.086,1.1,2.1,NA,396,low,100+,18.6
0.5,0.3,2.2,0.2,4.8,0.22,1.2,0.16,4.4,0.17,3.2,0.16,5,0.16,0.184,0.7,0.058,1.4,0.028,1.8,0.2,3,1100,average,100+,31.2
0.7,0.3,2.2,0.22,1.7,0.2,4.1,0.21,1.5,0.12,1.1,0.12,1,0.15,0.121,0.7,0.143,0.6,0.036,0.8,2.3,2.9,1800,average,NA,20.6
0.5,0.2,2.4,0.24,3.4,0.14,2.2,0.29,4.6,0.19,4.1,NA,1.3,0.17,0.064,1.2,0.086,1.8,0.085,2,2.9,2.1,4000,high,100+,14.4
0.8,0.3,2,0.17,2.3,0.27,3.2,0.12,2.4,0.26,1.2,0.18,1.1,0.23,0.067,1.4,0.121,1.9,0.054,1.3,2.3,0.7,7840,high,100+,8.9
0.6,0.3,2.3,0.15,5,0.21,1,0.21,4.6,0.18,2.1,0.26,1.1,0.27,0.122,1.4,0.043,0.9,0.05,0.6,0.6,0.4,1872,low,100+,21.8
0.8,0.4,3.4,0.21,3.2,0.2,3.1,0.11,1,0.3,3.2,0.25,3.5,0.22,0.082,1.3,0.064,1.9,0.031,0.7,0.5,2.4,960,average,100+,28
0.8,0.4,4.5,0.17,1.7,0.13,3.1,0.23,1.5,0.14,1.2,0.16,2.8,0.25,0.087,0.8,0.151,1.1,0.091,1.9,1.8,0.3,1134,low,100+,22.7
0.9,0.2,4.4,0.15,4.6,0.21,1.3,0.27,4.6,0.25,2.7,0.23,1.7,0.27,0.087,1.4,0.113,1.8,0.077,1.1,2.4,2.4,1500,high,100+,14.5
0.5,0.4,1.7,0.1,1.6,0.16,3,0.25,4.3,0.11,1,0.26,1.9,NA,0.022,0.5,0.17,1.8,0.088,1.3,0.5,NA,3900,average,100+,32.8
0.7,0.3,3.6,0.24,3.7,0.27,1.6,0.12,1.2,0.15,1.9,0.2,4.4,0.15,0.187,2,0.196,1.8,0.051,1.6,0.3,1.7,1344,average,100+,32.7
0.7,0.5,2.2,0.1,1,0.17,3.6,0.19,3.6,0.2,4.7,0.25,3.9,0.11,0.181,0.6,0.038,0.7,0.084,1.2,2.7,0.9,1950,average,100+,25.9
0.8,0.4,4.3,0.22,1.3,0.15,4.4,0.2,2.1,0.29,1.8,0.17,4.4,0.17,0.007,1.8,0.056,1.1,0.075,0.5,2.4,1.2,704,average,100+,35
0.7,0.4,2.1,0.13,3.5,0.13,1,0.23,1.6,0.18,1.1,0.21,NA,0.24,0.158,0.5,0.115,0.8,0.041,1.5,0.9,1.4,3000,high,100+,24.2
0.5,0.3,3.1,0.18,1.1,0.16,4.6,0.19,1.5,0.12,3,0.25,3.8,0.19,0.127,2,0.032,0.9,0.028,1.7,2.9,1.9,4140,high,100+,25
0.8,0.3,3.6,0.29,3.1,0.22,1.2,0.24,2.6,0.19,2.8,0.16,2.8,0.11,0.176,1,0.001,0.7,0.097,1.9,NA,0.8,675,low,100+,36.7
0.6,0.3,1.8,0.3,1.3,0.19,1.7,0.24,3.5,NA,1.3,0.19,3.4,0.26,0.125,1.8,NA,NA,0.071,0.8,1.3,0.6,540,low,100+,44.3
0.6,0.4,1.1,0.23,3.3,0.23,2.5,0.15,2.5,0.13,1.9,0.14,3.2,0.21,0.005,0.7,0.037,0.9,0.017,1.3,1.2,2.2,1330,average,100+,5.4
0.5,0.3,2.7,0.27,1.6,0.19,2.1,0.11,1.3,0.18,3.8,0.28,3.2,0.25,0.157,0.8,NA,1,0.059,1.9,0.2,1.7,4374,high,100+,30.2
0.6,0.3,NA,0.28,4.4,0.25,2.5,0.13,3.5,0.12,1.1,0.29,4.4,0.23,0.085,0.5,0.021,1.6,0.084,0.8,0.9,2.7,450,low,100+,36
0.7,0.3,4.5,0.25,1.5,0.14,2.8,0.25,4.6,0.29,2.6,0.21,4.2,0.3,0.076,1.5,0.046,0.8,0.016,1.2,1.3,1.5,1200,low,100+,35.5
NA,0.5,5,0.26,1.6,0.3,4.9,0.16,1.4,0.16,NA,0.13,4.2,0.1,0.029,1.2,0.028,1.5,0.076,1.5,0.5,2.5,NA,high,100+,15.7
0.8,0.4,4.4,0.29,4.7,0.12,2.3,0.15,4.8,0.13,1.6,0.19,3.6,0.19,0.021,1.1,0.027,1.4,0.08,1.8,0.8,0.2,1792,high,100+,20.4
0.6,0.2,3.9,0.21,1.4,0.28,2.2,0.27,3.9,0.22,4,0.17,3.7,0.19,0.023,1.8,0.03,1.1,0.086,0.8,1,0.5,1408,high,100+,30.7
0.7,0.3,NA,0.15,1.3,0.24,3.2,0.25,3.7,0.13,2.5,0.12,2.9,0.2,0.088,0.5,NA,0.7,0.059,1.1,1.6,2.1,2070,average,100+,21.1
0.7,0.4,4.4,0.18,2.4,0.12,1.9,0.12,4.9,0.12,2.1,0.25,1.7,0.23,0.15,1.4,0.182,1.2,0.055,1.3,1.6,2.7,7560,high,100+,18.1
0.9,NA,4.9,0.18,3.7,0.29,NA,0.17,4.1,0.13,3.8,0.29,1.1,NA,0.15,1.3,0.199,1.4,0.042,1,NA,1.6,1260,average,100+,16.3
0.8,0.4,4.3,0.29,1.6,NA,2,0.25,4,0.22,1.8,0.21,4.3,0.29,0.07,0.6,0.172,0.6,0.02,1.8,0.7,0.2,2720,high,100+,26.8
0.6,0.5,4.7,0.19,2.6,0.15,4.8,0.28,4.1,0.22,2.1,0.15,1.8,0.21,0.081,1.7,0.115,0.7,0.069,0.6,2.9,2.9,1197,low,100+,34.1
0.6,0.3,3.4,0.23,2.6,0.13,1.9,0.19,1.7,0.23,2.7,0.14,2.4,0.3,0.119,1.7,0.189,NA,0.051,1.2,0.7,1.3,2106,low,100+,32.3
0.8,0.3,3.3,0.11,1.1,0.24,NA,0.19,4.2,0.24,3.9,0.12,3,0.12,0.022,1.1,0.117,1.4,0.037,0.9,0.2,0.8,3822,average,100+,25.7
NA,0.4,4.7,0.24,3.7,0.26,3.3,0.21,3.7,0.13,4.1,0.12,1,0.12,0.126,1.1,0.007,0.9,0.049,1.5,2.4,1.3,1100,average,100+,26.9
0.5,0.3,NA,0.13,3.3,0.15,1.6,0.28,3.3,0.28,3.5,0.12,2.6,0.28,0.034,1.5,0.012,0.8,0.015,1.3,0.8,2.2,812,low,100+,27.1
0.6,0.2,4.3,0.23,3.5,0.13,4.3,0.27,2.5,0.16,3.6,0.26,1.1,0.22,0.07,1.9,0.152,1.9,0.096,1.6,2.5,2.4,1794,low,100+,24.5
0.7,0.4,1.9,0.21,4.5,0.2,NA,0.2,4.1,0.23,3.8,0.23,2.8,0.15,0.026,0.6,0.01,1,0.084,0.8,3,1.5,1584,high,100+,4.3
0.6,0.2,4.8,0.2,1.9,0.15,3.3,0.22,3.3,0.26,3.7,0.24,2.7,0.13,0.188,0.8,0.067,0.6,0.088,1.1,1.1,0.1,3190,average,100+,31.1
0.9,0.3,1.1,0.14,2.6,0.27,1.2,0.17,1.1,0.17,1.9,0.15,1.2,0.28,0.128,1.1,0.041,1.5,0.059,1.2,NA,2.6,4131,high,150+,11.7
0.7,0.4,2.1,0.12,4.8,0.19,NA,0.2,NA,0.15,2.9,0.12,1.4,0.18,0.137,0.8,0.167,0.8,0.039,0.7,2.7,2.4,936,low,150+,18.4
0.7,0.4,5,0.26,4,0.17,4.3,0.2,2.6,0.15,4.6,0.1,2.6,0.15,0.163,1.5,0.017,0.6,0.05,1.6,0.5,2.6,1260,low,150+,33.8
0.9,0.4,4.4,0.23,2.4,0.11,NA,0.21,3.4,0.29,3.9,0.21,4.6,0.15,0.098,1.2,0.054,1.2,0.058,2,2.4,1.2,392,NA,150+,34.2
0.5,0.3,3.6,0.12,1.7,0.14,1.6,0.24,4.7,0.15,4.2,0.21,2.7,0.25,0.009,1.6,0.171,0.6,0.036,1.9,2,2.6,1512,low,150+,24.1
0.8,0.3,4.1,0.26,1.8,0.23,2.2,0.24,2.2,0.12,2.5,0.12,4.9,0.18,0.128,1.7,0.05,0.7,0.032,1.7,0.7,1.8,2520,average,150+,31.1
0.9,0.4,2.8,0.28,4,0.22,2.9,0.18,4.1,0.2,1.6,0.26,3.8,0.11,0.128,1.2,0.199,1.7,0.052,1.4,2.5,0.6,3960,high,150+,15.9
0.5,0.3,4.8,0.27,1.2,0.27,2.6,0.29,2.6,0.17,2.6,0.3,4.5,0.24,0.128,0.9,0.082,NA,0.017,0.5,2,0.3,1080,low,150+,39.2
0.8,0.3,4.8,0.24,3.7,0.26,1.2,0.26,3.4,0.29,4.7,0.23,4.1,0.21,0.076,1,0.073,1.7,0.069,0.6,1,1.5,748,average,150+,31.1
0.7,0.3,4.2,0.1,4.8,0.2,1.1,0.24,3.5,0.21,2.8,0.15,3.3,0.22,0.132,1.4,0.19,1.3,0.063,1.7,0.6,1.4,1092,low,NA,42.3
0.8,0.4,NA,0.22,2.7,0.22,4.1,0.24,4.1,0.17,1.9,0.23,4.2,0.18,0.135,1.7,0.189,1.9,0.069,0.8,0.7,1.8,736,low,150+,41.6
0.9,0.3,4,0.16,2.7,0.17,3.6,0.19,5,0.22,3.2,0.11,3.8,0.25,0.17,1.1,0.069,1.1,0.095,NA,1.2,2.1,6496,high,150+,17.2
0.8,0.4,3.5,0.14,3.8,0.16,3,0.17,4.2,0.27,5,0.21,3.2,0.16,0.106,0.8,0.07,1.9,0.094,1.4,1.1,0.6,1716,average,150+,24.4
0.5,0.2,4.6,0.22,4.8,0.18,2.3,0.19,1.9,0.12,3.6,0.19,NA,0.24,0.135,1.7,0.191,0.9,0.049,1.1,2.5,0.3,7500,high,150+,21.8
0.7,0.4,3.6,0.26,2.9,0.18,2.6,0.12,2.7,0.29,2.5,0.22,3.3,0.27,0.007,1.1,NA,1.3,0.071,NA,2.7,1.4,1276,average,150+,20.3
0.5,0.5,3.3,0.26,2,0.13,1.7,0.18,5,0.25,4.7,0.19,1.5,0.19,0.043,1.1,0.103,0.5,0.022,1.7,2,2,7800,high,150+,13.4
0.6,0.3,1.4,0.26,4.5,0.24,2.9,0.2,3.7,0.12,4.2,0.29,4.5,0.28,NA,1,0.019,1.1,0.058,1.1,1.3,0.6,4400,high,150+,21
0.7,0.4,2.1,0.24,2.2,0.25,4.1,0.29,1.9,0.29,3.6,0.13,3.6,0.29,0.189,1.2,0.028,NA,0.069,1.5,2.3,1,4560,high,150+,21
0.8,0.5,3,NA,NA,0.28,2,0.26,3.4,0.25,2.2,0.27,1.7,0.14,0.014,1.5,0.102,0.7,0.07,1.4,3,NA,2448,high,150+,7
0.7,0.4,NA,0.26,2.1,0.15,4.1,0.21,1.9,0.22,2.6,0.16,3.4,0.29,NA,0.9,0.075,1.2,0.087,0.8,1.2,2.4,952,average,150+,27.3
0.7,0.4,2.9,0.27,1,0.14,4.9,0.18,2.1,0.16,3.7,0.19,1.8,0.18,0.147,0.8,0.019,1.8,0.053,1,1.1,2.1,1200,low,150+,36.1
0.8,0.2,4.4,0.15,4.9,0.15,1.7,0.27,3,0.17,2.6,0.1,4.5,0.29,0.156,0.7,0.119,1.9,0.03,1.4,0.8,1,4617,high,150+,19.7
0.8,0.3,3.2,0.12,2.5,0.27,4.1,0.26,3.9,0.27,2.3,0.25,1,0.21,NA,0.6,0.032,1.5,0.049,1.4,0.4,0.1,1380,average,150+,26.4
0.6,0.5,3.1,0.26,4.6,0.19,4.8,0.14,3.5,0.13,3.8,0.13,4.9,0.3,0.026,1.2,0.02,0.7,0.048,1.6,2.2,1.6,1368,average,150+,21.2
0.8,0.2,4.3,0.22,4,0.28,1.2,0.2,3.3,0.16,4.3,0.18,1,0.28,0.152,1.4,0.078,1.2,0.085,1.2,0.5,0.3,4698,average,150+,23.6
0.8,0.5,3.9,0.15,3.5,0.29,4.6,0.19,3.3,0.11,1.1,0.21,3.5,0.16,0.113,0.6,0.157,1.1,0.074,1.9,1,0.8,1904,average,150+,31
0.6,0.5,2.3,0.19,5,0.21,1,0.14,1.8,0.22,3.4,0.19,1.4,0.2,0.194,0.8,0.067,0.8,0.058,1.4,0.9,0.2,2500,average,150+,30.2
0.7,0.3,3.6,0.21,4.3,0.23,2.4,0.24,1.8,0.29,3.9,0.18,3.1,0.13,0.094,0.9,NA,0.8,0.096,1,2.7,2.2,4420,high,150+,16
0.8,0.4,3.2,0.12,2.1,0.12,NA,0.21,3.2,0.14,5,0.28,1,NA,0.062,0.8,0.171,1.6,0.02,1.4,2.2,1.9,1960,average,150+,12.4
0.8,0.4,3.5,0.22,3.7,0.29,4.2,0.28,2.6,0.23,2.2,0.17,1.5,0.16,0.141,1.8,0.199,1.9,0.067,1.3,0.5,2.3,1131,low,150+,34.7
0.6,0.2,3.9,0.3,1.6,0.28,2.3,0.27,3.6,0.13,2,0.15,1.4,0.21,0.083,1.4,0.081,0.8,0.097,1.9,1.3,2.1,2592,high,150+,30.8
0.7,0.4,3.5,0.22,2.8,0.25,1.8,0.24,2.2,0.16,2.5,0.1,2.4,0.23,0.065,1.8,0.158,1.4,0.087,1,NA,2.7,234,low,150+,37
0.7,0.4,3,0.28,1,0.14,1.2,0.3,3.2,0.15,4.9,0.24,3,0.18,0.128,1.7,0.181,1.5,0.012,0.7,1.6,0.2,2964,average,150+,29
0.8,0.4,2.1,0.3,3.4,0.23,2.3,0.28,2.7,0.16,4.4,0.2,4,0.28,0.11,NA,0.119,1.7,0.072,1.3,0.6,1.3,2704,high,150+,24
0.9,0.3,4.5,0.1,5,0.19,3.2,0.12,4.5,0.11,3.8,0.16,1.3,0.15,0.181,1,0.121,2,0.029,1.7,1.1,1.6,504,low,150+,36.7
0.7,0.4,4.8,0.16,2.9,0.24,3.5,0.3,3.4,0.27,3.7,0.29,2.1,0.28,0.175,0.7,0.166,1.9,0.069,1.2,2.1,1.9,1584,average,200+,26.8
0.5,0.4,1.3,0.12,2.4,0.26,1.5,0.21,4.3,0.28,2.3,0.22,2.9,0.27,0.073,NA,0.103,1.9,NA,0.5,1.7,1.2,4370,high,200+,25.7
0.7,NA,2.6,0.17,1.3,0.14,3.4,0.15,3.7,0.15,4.3,0.21,1,0.15,0.146,1.5,0.142,1.2,0.013,1.9,1,1.8,1900,average,200+,31.1
0.5,0.4,1.5,0.2,1.1,0.24,2.9,NA,4.9,0.24,2.5,0.26,1.7,0.25,0.184,1.2,0.065,1.8,0.001,1,2.5,2.2,1365,NA,200+,31.1
0.7,0.2,4.6,0.17,2.1,0.16,4.5,0.12,4.9,0.2,2.7,0.2,1.2,0.28,0.158,1.4,0.155,0.9,0.093,0.8,0.3,1.3,1584,average,200+,18
0.7,0.5,2.8,NA,5,0.14,2.3,0.2,4.6,0.29,1.4,0.2,1.8,0.29,0.125,1.9,0.141,0.5,0.061,1.9,0.4,0.8,2784,high,200+,26.5
NA,0.3,2.5,0.11,3,0.17,3.4,0.2,2.9,0.18,4.4,0.2,4.7,0.15,0.077,0.9,0.04,0.7,0.057,0.7,2.4,1.1,6000,high,200+,14.2
0.7,0.2,2.5,0.17,1.3,0.13,3,0.29,2.9,0.12,1.3,0.22,3.1,0.12,0.114,0.8,0.196,2,0.061,1.6,0.7,2.1,3024,average,200+,34.6
0.9,0.2,3.9,0.21,2.4,0.26,3.3,0.23,3.4,0.11,3.4,0.18,3.2,0.3,0.146,1.4,0.039,0.6,0.079,1.7,1.8,0.5,3640,average,200+,22.5
NA,0.5,3.2,0.17,4.8,0.22,2.4,0.2,4.7,0.22,NA,0.13,2.5,0.19,0.176,1.1,0.151,0.9,0.08,1.7,1.7,0.8,190,low,200+,42.4
0.8,0.4,1.4,0.13,4.4,0.18,2.3,0.11,3.2,0.17,2,0.27,3.6,0.23,0.119,1.4,0.092,1,0.042,0.6,1.9,2.3,3990,average,200+,21
0.8,0.2,4.1,0.17,1.2,0.16,2.6,0.22,4,0.24,1.4,0.21,4.7,0.16,0.117,1.5,0.131,0.8,0.058,1.4,0.5,2.5,2560,high,200+,32.2
0.6,0.3,1.1,0.14,2.1,0.13,3.4,0.23,1.4,0.24,1.8,0.13,4.8,0.27,0.171,1.6,0.072,1.5,0.025,1.9,1.1,2.9,297,low,200+,38.5
0.8,0.3,1.5,0.18,1.2,0.23,1.4,0.29,1.3,0.18,4.9,0.17,1.3,0.15,0.01,1.1,0.166,1.7,0.029,1.7,1.6,3,754,low,200+,4
0.9,0.3,3.3,0.18,1.2,NA,2,0.15,4.4,0.19,1.4,0.26,3.7,0.12,0.062,0.6,0.02,0.9,0.077,1.9,1.8,2,816,average,200+,31.2
0.5,0.5,1.5,0.11,4.2,0.19,4.4,0.22,1.3,0.23,4.7,0.11,1.3,0.11,0.142,1.3,0.123,1.6,0.047,2,3,0.6,1836,average,200+,27.5
0.6,0.4,3.2,0.27,3.3,0.16,1.4,0.23,4.4,0.22,4.6,0.19,2.5,NA,0.158,1.8,0.13,1,0.043,1.8,2.8,0.4,4830,average,NA,32.6
0.6,0.3,4.4,0.17,1,0.14,3.1,0.27,2.5,0.14,2.5,0.29,4,0.2,0.048,1,0.172,1.1,0.063,0.6,1,1.9,4140,high,200+,31.4
0.8,0.3,2.3,0.25,1.7,0.11,4.4,0.2,4,0.27,2.2,0.16,2.2,0.1,0.062,1.8,0.171,1.4,NA,1.4,1.3,0.5,1440,high,200+,26.8
0.6,0.2,1.9,0.12,4.3,0.11,3.2,NA,3.2,0.27,2,0.19,3.7,0.29,0.107,0.9,0.171,1.3,0.065,NA,0.9,0.9,2000,average,200+,31.9
0.6,0.3,1.1,0.22,2.9,0.13,3.5,0.27,3.9,0.14,3.7,0.14,3.9,0.11,0.1,0.7,0.155,1.7,0.088,1.6,1.7,1.3,728,low,200+,31
0.8,0.2,2,0.25,4.6,0.19,3.6,0.11,3.1,0.11,2.8,0.13,5,0.25,0.066,2,0.027,1.8,0.027,0.6,2,0.7,864,low,200+,36.3
0.7,0.4,4.1,0.14,4.3,0.2,2.5,0.29,4.1,0.3,4.4,0.11,4,0.19,0.163,1.5,0.05,1.6,0.089,0.9,2.9,0.4,1540,average,200+,31
0.6,0.3,NA,NA,4,0.18,3.7,0.19,4.4,0.16,3.1,0.1,1.6,0.28,0.152,0.7,0.082,1.5,0.037,0.8,2.2,1.7,441,low,200+,30.1
0.6,0.5,2,0.3,1.9,0.25,1.8,0.26,2.9,0.27,4.1,0.11,4.5,0.19,0.077,1.1,0.189,1.5,0.015,0.7,0.8,0.5,828,low,200+,37.9
0.8,0.5,2.9,0.25,4.7,0.11,2.7,0.11,4.2,0.29,1,0.24,4.5,0.23,0.179,1.1,0.161,1.6,0.066,0.8,2.1,2.3,3040,NA,200+,21.4
0.9,0.4,4,0.15,4.3,0.18,2.2,0.29,NA,0.18,4.3,0.21,2,0.29,0.033,1.8,0.166,NA,0.027,1.7,1,2.1,3458,average,200+,13
0.7,0.4,3.9,0.27,1.6,0.28,4.4,0.12,2.7,0.25,2.5,0.14,2.3,0.22,0.047,1.5,0.045,1.4,0.055,0.9,0.6,0.4,1820,average,200+,38.1
0.6,0.2,2.1,0.23,4.1,0.18,1.4,0.15,2.1,0.19,4,0.23,3.5,0.1,0.152,1.1,0.156,1.7,0.043,0.9,2.4,0.3,1512,low,200+,33
0.9,0.4,2.9,0.28,4.3,0.27,3.4,0.18,1.1,0.14,5,0.22,1.7,0.22,0.126,1.6,0.1,1.8,0.012,0.6,0.2,2.7,1350,low,200+,28.5
0.6,0.5,2.7,0.18,1.8,0.29,4.1,0.29,4.4,0.19,3.4,0.29,1.3,0.16,0.039,1.2,0.142,1.4,0.001,1.3,1.8,1.9,5040,high,200+,13.5
0.7,0.4,4.5,0.21,3.5,0.18,3.2,0.26,4.2,0.19,2.7,0.19,4.1,0.14,0.058,1.1,0.144,0.7,0.061,1.9,1.9,2.6,1152,NA,200+,39.3
0.8,NA,4.7,0.23,4.6,0.17,1.2,0.23,4,0.17,2.2,0.16,1.5,0.26,0.153,0.9,0.182,1.7,0.069,0.8,NA,0.9,2816,high,200+,19.5
0.9,0.3,2.6,0.18,1.7,0.17,2.1,0.1,4,0.24,4.8,0.21,4.8,0.17,0.139,1.8,0.007,1.7,0.038,0.5,2.1,0.3,816,low,200+,34.9
0.6,0.2,1.4,0.25,5,0.26,2.3,0.19,1.4,0.17,4.1,NA,4.8,0.26,0.156,1,0.094,1.3,0.09,0.7,2.7,2.7,1936,high,250+,24.4
0.6,0.3,4.3,0.12,1.6,0.16,2.2,0.15,5,0.22,4.5,0.17,4.1,0.2,0.19,1,0.051,NA,0.034,0.6,1.4,2.8,2800,high,250+,31.1
0.5,0.3,2.2,0.21,3.2,0.23,2,NA,4.7,0.19,4.3,0.23,3.7,0.13,0.198,0.9,0.177,1.7,0.081,0.8,1,2.8,4056,average,250+,31.7
0.7,0.3,3.5,0.13,4,0.2,1.6,0.13,1.8,0.15,2.1,0.13,3.7,0.29,0.066,1.6,0.027,1,0.004,0.7,1.3,1.5,2400,high,250+,24.9
0.8,NA,2.3,0.22,4.6,0.29,3.9,0.27,2.2,0.22,3.3,0.28,4.4,0.1,0.189,1.7,0.011,1.2,0.017,1.3,1.8,2,1092,low,250+,35.3
0.6,0.2,5,0.29,2.6,0.23,1.7,0.26,3.1,0.11,2.1,0.23,4.9,0.11,0.122,1.9,0.165,1,0.051,1,0.6,0.3,3000,average,250+,41.5
0.7,0.3,2.9,0.23,1.3,0.18,3.9,0.15,1.2,0.27,4,0.27,4.1,0.27,0.01,0.7,0.021,1.9,0.022,1,1.1,1,7830,high,250+,20.4
0.8,0.2,4.2,0.19,2.9,0.29,1.1,0.24,2.3,0.18,1.6,0.12,4.6,0.18,0.132,0.9,0.094,1,0.07,1.3,1.2,2.6,180,low,250+,38.4
0.7,0.2,5,0.25,4.3,0.13,4.9,0.26,3.7,0.15,4.1,0.16,2.4,0.24,0.104,0.6,0.001,1.5,0.006,0.9,0.6,3,2760,high,250+,15.8
0.6,0.4,4.7,0.26,1.6,0.2,2,0.23,3,0.23,4.8,0.15,2.8,0.12,0.094,1.8,0.135,1.3,0.001,0.9,NA,0.6,3640,high,250+,27.6
0.7,0.2,4.2,0.28,4.8,0.29,NA,0.24,1.2,0.13,NA,0.11,1.9,0.11,0.023,1.9,0.177,0.7,0.087,1.8,0.4,2.1,2024,average,250+,28.6
0.5,0.2,2.4,0.13,2.5,0.3,1.5,0.26,4.2,0.12,4.6,0.14,1.6,0.24,0.177,0.9,0.053,0.6,0.044,0.6,1.2,1.7,1700,average,250+,28.3
0.6,0.3,3.1,0.17,2.1,0.25,1.3,0.15,4.3,0.23,2.7,0.17,4.6,0.22,0.109,1.7,0.055,1.6,0.098,1.5,2.8,1.1,5796,high,250+,28.8
0.6,0.4,1.6,0.28,2.6,0.15,1.7,0.27,2.2,0.28,1.2,0.16,2.5,0.21,0.071,1.6,0.195,1.4,0.064,2,1.8,2.3,2125,average,250+,33.2
0.7,NA,1.5,0.28,4.4,0.22,2.1,0.12,1.3,0.19,1.4,0.16,4,0.3,0.048,1.7,0.028,1.7,0.09,1.3,2.9,0.8,1224,average,250+,28
0.7,0.2,4,0.27,2.5,0.27,1.7,0.23,3,0.29,1,0.24,2.2,0.22,0.119,1.6,0.191,1.9,0.087,1.2,0.3,0.3,1104,average,250+,45.7
0.7,0.5,3.4,0.19,2.7,0.24,3.5,0.21,3.2,0.17,2.5,0.27,1.6,0.28,0.175,0.7,0.182,1.7,0.017,0.5,2,2.3,1700,high,250+,19.9
0.8,0.5,2.2,0.11,2,0.27,1.6,0.18,2.7,0.15,5,0.18,5,0.22,0.192,1.1,0.07,1.1,0.052,1.3,0.7,0.8,2088,average,250+,32.7
0.5,0.3,2.9,0.21,3.9,0.27,3.3,0.14,4.4,0.28,3.1,0.25,2.3,0.23,0.036,1.4,NA,1.3,0.082,1.5,0.3,0.9,3456,high,250+,25.3
0.7,0.3,4.8,0.19,1,0.16,4.6,0.12,3.5,0.25,3.4,0.18,4.1,0.24,0.064,0.6,0.082,1.6,0.01,0.6,3,1.9,1320,low,250+,36.1
0.7,0.4,4.9,0.19,3.6,0.27,1.9,0.1,4.9,0.27,3.9,0.3,3.4,0.26,0.012,1.4,0.002,1,0.055,0.6,0.7,2.8,4050,high,250+,25.3
0.8,0.4,3.8,0.15,1.3,0.21,3.8,0.12,4,0.25,1.3,0.15,1.4,0.24,0.028,1.7,0.156,1.8,0.087,0.8,1.2,2.5,210,low,250+,41.3
0.7,0.3,2.8,0.28,4,0.2,2.5,0.19,4,0.13,3.3,0.16,3.2,0.24,NA,0.8,0.066,1.7,0.047,1.3,2.8,1.1,704,average,250+,30.2
0.7,0.4,1.1,0.12,3.4,0.3,4.4,0.11,1.6,0.11,3.7,0.11,1.3,0.29,0.04,0.7,0.193,0.6,0.038,1.9,2.3,0.9,1320,average,250+,8.8
0.7,0.4,3.7,0.14,1.1,0.24,2.2,0.28,1.5,0.28,1.7,0.3,1.9,NA,0.182,1.3,0.115,1.5,0.039,1.6,1.6,NA,5175,high,250+,29.1
0.6,0.3,1.6,0.11,1.3,0.19,1.3,0.13,2.4,0.26,4.3,0.13,4.3,0.25,0.189,1.9,0.158,0.5,0.09,0.7,0.7,1.1,900,low,NA,42.9
0.6,0.2,1.9,0.24,2.7,0.17,4.7,0.17,3.7,NA,3.7,0.21,2.6,0.15,0.173,1.5,0.166,0.6,0.049,1.8,1.1,0.1,2958,average,250+,34.3
0.8,0.4,2.5,0.15,5,0.16,1.3,0.17,2.5,0.11,4.3,NA,3.1,0.2,0.095,1.1,0.148,0.7,0.033,1.9,0.5,1.4,828,low,250+,34.3
0.7,0.3,1.9,0.25,4.4,0.26,1.5,0.21,2.6,0.29,1.3,0.26,1.1,0.27,0.177,1.4,NA,1.1,0.06,0.9,2.6,2.9,513,low,250+,26.8
0.7,0.3,NA,0.16,1.7,0.28,3,0.14,1.8,0.26,2.6,0.16,1.1,0.25,0.071,0.7,0.036,1.4,0.091,0.6,1,1.4,616,low,250+,27.5
0.7,0.2,1.6,0.23,4.5,0.19,3,0.27,5,0.2,2.4,0.27,4.7,0.13,0.044,1.4,0.064,0.6,0.085,1.3,0.6,0.3,324,low,250+,39.3
0.7,0.4,1.6,0.16,4.4,0.21,3.7,0.28,2.4,0.24,2.8,0.12,4.3,0.16,0.136,1.7,0.197,0.8,0.015,1.9,1.9,1.3,2310,average,250+,29.2
0.5,0.4,1.7,0.24,2.8,0.29,4.3,0.28,1.2,0.23,2.8,0.24,4.5,0.22,0.157,0.6,0.088,1.6,0.056,0.8,0.4,2.4,1200,low,250+,38.6
0.6,0.3,4,0.14,3,0.3,4.1,0.26,2,0.21,3.1,0.16,2.8,0.23,0.116,1.2,0.175,0.9,0.055,2,1.8,1,2080,average,250+,34.4
0.7,0.4,NA,0.25,1.7,0.2,4.3,0.16,3.4,0.14,4.6,0.18,2.3,0.26,0.196,1.4,0.05,1.4,0.061,1.5,0.6,1.3,624,low,250+,43.5
0.9,0.2,1.3,0.26,1.5,0.29,2.7,0.19,3.9,0.12,1.1,0.3,4.6,0.15,0.054,1.7,0.014,1,0.051,1.6,0.6,2.4,900,low,250+,41.8
0.7,0.4,1.7,0.27,3.8,0.21,2.3,0.12,1.1,0.29,1.8,0.18,3.1,0.25,0.127,1,0.197,1.7,0.043,1.6,2.2,0.1,1232,low,250+,38.3
0.9,0.3,2.9,0.24,2.1,0.22,4.9,0.26,3,0.22,3.3,0.28,3.3,0.29,0.037,1.1,0.195,1.7,0.033,1,1.1,1.3,756,low,250+,24.8
0.9,0.4,2.5,0.15,1.2,0.11,2.1,0.21,3.3,0.13,4.6,0.27,3.7,0.2,0.01,1.8,0.169,1.9,0.054,1.8,0.2,1.5,3045,average,250+,26.7
0.8,0.3,3.2,0.14,3.2,0.21,1.7,0.19,2,0.15,4.9,0.2,1.4,0.11,0.063,1.6,0.006,0.8,0.076,1.8,2.2,2.5,2400,average,250+,22.8
0.6,0.3,2.9,0.27,1.9,0.28,1.1,0.12,3.8,0.14,1.8,0.22,NA,0.27,0.181,1.3,0.116,1.4,0.048,0.8,1,0.7,3456,high,250+,34.1
0.7,0.4,4.2,0.16,3.9,0.14,2.2,0.19,1.6,0.14,3.7,0.11,4.3,0.19,0.173,1.8,0.169,0.9,0.057,1.1,2.7,0.3,1680,average,250+,38.3
0.7,0.3,4.1,0.16,1.9,0.26,1.1,NA,4,0.22,4.5,0.18,3.5,0.1,0.178,0.6,0.034,0.9,0.075,1.5,0.8,1.1,3990,average,250+,33.6
0.6,0.5,3.7,0.26,1.1,0.16,2.6,0.28,2.3,0.19,2.8,0.22,4.6,0.28,0.149,0.6,0.185,0.6,0.037,2,2.9,2.3,3640,average,250+,31.1
0.7,0.2,3.1,0.15,3.7,0.18,2.6,0.22,1.2,0.21,3.8,0.3,2.1,0.12,0.112,1.7,0.061,0.9,0.026,1.6,1.9,2.9,1800,high,300+,21.5
0.6,0.4,1.3,0.26,4.4,0.28,1.5,0.19,2.1,0.24,NA,0.12,4.9,0.22,0.056,1.1,0.158,0.6,0.092,1.4,2.2,2.8,300,low,300+,37.5
0.7,0.4,3.4,0.28,3.5,0.26,2.2,0.28,3.4,0.12,4.7,0.16,3.4,0.16,0.111,1.4,0.14,0.5,0.055,1.1,1,1.9,2430,high,300+,30.6
0.6,0.3,1.5,0.25,2.2,0.16,3.2,0.17,2.9,0.15,4.1,0.15,1.8,0.18,0.144,0.8,0.077,0.6,0.016,1.6,2.9,0.3,1620,high,300+,23.4
0.5,0.4,4.1,0.2,4.9,0.21,1.3,0.26,3.4,0.23,4,0.28,2,0.12,0.073,1.5,0.033,0.8,0.046,1.9,2.2,0.8,2261,average,300+,29.7
0.9,0.3,3.9,0.21,3.6,0.13,3.2,0.14,3.7,0.18,4.5,0.13,3,0.14,0.004,1.5,0.17,NA,0.1,1.9,0.8,0.2,2925,high,300+,3.3
0.8,0.4,3.6,NA,4.3,0.23,3.7,0.11,4.5,0.21,3.2,0.12,4.7,0.11,0.091,1.5,0.197,1.6,0.005,NA,1.9,2.6,924,average,300+,27.7
0.7,0.3,3.8,0.23,2.7,0.14,NA,0.25,2.6,0.23,2.1,0.21,4.6,0.22,0.018,0.7,0.04,0.8,0.056,1.9,2.6,1.7,180,low,300+,42.7
0.8,0.2,1.8,0.2,2.3,0.17,3.8,0.25,2.1,0.18,4.8,0.19,2,0.19,0.107,1.4,0.174,0.6,0.053,1.3,1.5,2.5,1064,average,300+,31
0.9,0.4,3.9,0.22,1.4,0.15,4.4,0.18,4.2,0.17,4.3,0.15,3.5,0.25,0.061,1.5,0.09,1,0.053,0.7,1.1,1.8,1638,average,300+,28.5
0.5,0.4,2.3,0.29,3.4,0.22,1.7,0.27,2.3,0.11,5,0.14,3.5,0.1,0.061,0.9,0.056,0.8,0.05,1.1,0.3,1,1196,low,300+,31.8
NA,0.3,3.1,0.25,4.3,0.25,2.1,0.25,4.6,0.25,4.5,0.14,2,0.18,0.097,1.1,0.071,1.9,0.031,1.5,0.6,0.1,1914,average,NA,34.2
0.5,0.4,4.6,0.25,1.6,0.16,3.3,0.26,4.9,0.11,3.6,0.17,1.2,0.27,0.193,0.7,0.139,1.2,0.006,NA,0.6,2.1,1260,average,300+,38.2
0.6,0.3,2.5,0.16,3.4,0.29,2.5,0.16,2.3,0.26,4,0.24,1.1,0.26,0.184,0.9,0.121,0.5,0.037,1.1,2.8,2.2,2640,average,300+,13.2
0.9,0.4,3.8,0.29,2.8,0.18,3.8,0.28,3.2,0.27,4.4,0.18,5,0.22,0.165,1.7,0.096,1.1,0.004,1.8,2.3,1.3,2646,high,300+,25.4
0.7,0.2,3.5,0.24,1.6,0.19,4.1,0.23,4.5,0.11,3.3,0.24,1.6,0.12,0.125,1.2,0.018,1.4,0.007,1.3,0.2,2.6,432,low,300+,37.6
0.8,0.4,2.5,0.28,1.9,0.2,2.1,0.27,NA,0.12,4.4,0.3,2.8,0.17,NA,1.2,0.044,0.8,0.068,1.7,0.5,1.3,2002,average,300+,34.9
0.5,0.3,3.1,0.27,2.5,0.14,3.6,0.29,2.3,0.25,1.3,0.12,1.5,0.21,0.111,0.7,0.091,1.4,0.024,1.2,1.2,0.7,1150,average,300+,34.2
0.8,0.5,2.8,NA,3.4,0.11,4.4,0.25,4.9,0.13,3.7,NA,2.6,0.26,0.1,1,0.122,0.7,0.019,0.6,0.9,2.3,2233,average,300+,27.4
0.8,0.4,4.7,0.14,2.2,0.19,4.9,0.11,4,0.21,2.2,NA,3,0.13,0.141,1.6,0.134,1.1,0.047,1.9,2.1,0.8,4760,high,300+,27.8
0.8,0.5,3.9,0.11,2.9,0.18,3.1,0.26,3,0.13,4.6,0.18,2.7,0.13,0.083,1.9,0.167,0.7,0.044,1.8,1.9,0.4,1760,high,300+,26.3
0.7,0.3,3,0.26,2.3,0.17,4.6,0.29,4.4,0.12,2.9,0.21,2.6,0.25,0.165,1.5,0.089,1,0.081,0.9,2.5,0.9,2592,average,300+,34.7
0.7,0.3,3.7,0.13,4,NA,1.5,0.25,2.5,0.18,2,0.11,4.2,0.24,0.169,1.3,0.102,1.1,0.067,1.5,1.4,2.2,2760,average,300+,37.5
0.8,0.2,3.5,0.27,2,0.16,3.7,0.26,2.1,0.25,4.4,0.15,1.3,0.28,0.061,1.2,0.158,1.7,0.021,1.7,2.9,2.2,1734,average,300+,17.9
0.7,0.3,4.8,0.21,2.4,0.12,2.5,0.24,3.9,0.26,3.4,0.3,3.6,0.14,0.091,1.4,0.038,0.6,0.045,1.6,0.7,2.8,3024,average,300+,35
0.8,0.2,2.4,0.11,1.9,0.27,3.8,0.19,1.7,0.23,4.9,0.23,1.4,0.29,0.085,1.7,0.194,2,0.097,1.7,1.3,2.6,442,low,300+,28.7
0.9,0.2,1.3,0.17,2.3,0.28,4.7,0.18,4.9,0.15,2.2,0.24,3.6,0.15,0.2,1.3,0.016,0.8,0.041,1.7,0.2,1.8,504,low,300+,41.8
0.8,0.3,1.3,0.24,2.9,0.25,3.1,0.11,1.1,0.29,1.2,0.26,4.9,0.15,0.049,0.7,0.023,1.1,0.055,0.7,1.5,0.4,2700,average,300+,24.6
0.8,0.2,5,0.26,2.5,0.28,2,0.1,4.4,0.16,3.8,0.29,3.2,0.17,0.12,0.9,0.174,1.4,0.079,1.2,0.5,1.6,1768,average,300+,41.6
0.7,0.4,3.9,0.11,1.3,0.22,2,0.16,3.1,0.25,1.5,NA,3.7,0.25,0.185,1.9,0.118,1,0.033,1.7,1.7,2.7,1620,low,300+,44.7
0.7,0.3,1.7,0.17,2.3,0.17,2.3,0.14,4.6,0.27,4.9,0.27,3.9,0.13,0.094,1.6,0.174,1,0.083,1.2,0.7,3,1216,average,300+,37.5
0.7,0.4,4.3,0.18,4.9,0.14,3.7,0.11,4.9,0.29,3.8,0.12,4.3,0.27,0.104,1.1,0.184,0.8,0.062,1.2,0.2,0.4,966,low,300+,43.1
0.8,0.3,1,0.12,3.6,0.18,4.4,0.15,3.9,0.15,1.9,0.11,1.3,0.25,0.015,2,0.069,0.8,0.034,0.8,2.6,2.3,1200,average,300+,10.1
0.8,0.4,3.5,0.23,3.9,0.14,4.7,0.27,1.1,0.13,4.4,0.16,4.2,0.25,0.186,1.9,0.129,1.5,0.097,0.9,1.1,NA,5096,average,300+,25.3
0.6,0.3,4,0.18,1.5,0.24,3.1,0.22,2.6,0.28,4.7,0.29,3.4,0.12,0.174,0.9,0.123,1.6,0.046,1.3,0.9,1,1254,average,300+,40.2
0.7,0.4,1.2,0.16,4.4,0.21,3.5,0.17,2,0.18,3.3,0.23,1,0.25,0.075,1.7,0.056,1.3,0.034,1.7,0.1,1.1,5000,high,300+,19.8
0.9,0.4,2.8,0.18,1.9,0.13,1.7,0.23,2.6,0.17,1.7,0.11,4.4,0.14,0.024,0.9,0.074,1.2,0.034,NA,2.2,3,3190,high,300+,21.1
0.9,0.4,2.4,0.16,1.5,0.22,1.4,0.21,4.6,0.25,3.5,0.11,3,0.13,0.047,0.9,0.062,0.8,0.017,2,2.5,1.5,2320,average,300+,16.6
0.7,0.3,2.5,0.29,3.7,0.27,2,0.14,3.6,0.13,3.5,0.27,2.7,NA,0.19,1.2,0.005,0.7,0.051,1.5,1.8,2.4,3132,average,300+,31
0.8,0.4,3.3,0.22,2.9,0.22,3.8,0.11,4.3,0.25,1.3,0.19,1.5,0.16,0.124,0.9,0.077,0.5,0.011,0.8,2.2,0.8,2400,average,300+,26.9
0.7,0.2,4,0.28,1,0.28,2.3,0.15,2.4,0.15,1.8,0.3,1.3,0.13,0.005,0.5,0.101,1.7,0.082,1.4,1.7,0.4,1680,average,350+,33.6
0.7,0.4,3.1,0.24,3.6,0.13,1.7,0.21,2.6,0.21,3.4,0.24,2.5,0.12,0.168,1.3,0.068,0.6,0.07,0.7,1.6,2,4930,high,350+,27.5
0.8,0.2,4.3,0.14,2.8,0.16,3.3,0.25,1.3,0.28,3.6,0.17,2,0.11,0.069,0.6,0.161,0.8,0.035,1.7,2.5,2.6,1740,average,350+,19.4
0.6,0.4,3.6,0.26,3.9,0.23,1.1,0.16,3.3,NA,3,0.27,4,0.28,0.133,1.8,0.03,0.6,0.066,1.8,0.5,2,6000,high,350+,32.6
0.8,0.2,4.3,0.16,1.6,0.28,3,0.3,3.2,0.17,4.3,0.22,1.4,0.13,0.144,0.9,0.102,0.5,0.004,1.2,1.8,2.8,988,low,350+,31.8
0.6,0.3,2.8,0.27,4.5,0.12,3.1,0.22,2.3,0.15,2.7,0.2,4,0.23,0.174,1.4,0.191,0.8,0.09,1.2,2,1.8,3159,high,350+,30.1
0.7,0.2,4.2,0.18,4.8,0.1,3.9,0.28,NA,0.24,4.8,0.19,3.2,0.12,0.152,1.6,0.191,1.8,0.024,1.1,2.4,1.9,3000,average,350+,26.7
0.7,0.4,3.1,0.28,5,0.26,1.8,0.18,4.6,0.23,3.6,0.27,2,0.23,0.074,NA,0.06,1.8,0.088,1.7,0.4,1.3,680,average,350+,40.4
0.6,0.3,1.6,0.21,2.2,0.16,1.8,0.22,3.4,0.12,4.3,0.13,4.3,0.28,0.022,1.7,0.034,1.9,0.051,0.8,1.4,2.5,1014,low,350+,27.9
0.5,0.3,3.3,0.21,2.7,0.27,2.7,0.25,1.2,0.24,4.1,0.21,4.2,0.2,0.189,1.7,0.172,1.6,0.05,0.6,1,1,5796,high,350+,32.5
0.6,0.2,2.6,0.23,2.1,0.22,1.7,0.24,4.9,0.13,4.1,0.23,2,0.13,0.184,1.9,0.103,1.9,0.056,1.8,2,1.2,1344,low,350+,42.7
0.7,NA,2.4,0.17,4.6,NA,NA,0.24,1.1,0.28,3.2,0.3,3.2,0.1,0.187,0.8,0.2,1.3,0.086,0.5,1.6,3,2175,low,350+,30.4
0.9,0.5,2.6,0.29,2.9,0.18,2.3,0.18,1.1,0.22,1,0.1,4.6,0.25,0.176,0.6,0.198,1,0.087,1,2.1,NA,3780,high,350+,19
0.8,0.4,2.2,0.21,2.1,0.22,4.5,0.22,2.9,0.28,4.8,0.18,2.5,0.11,0.193,1.9,0.015,1.9,0.05,0.6,0.4,0.3,3120,average,350+,38.4
NA,0.5,4.3,0.21,3.8,0.12,1.3,0.27,1.6,0.27,1.9,0.26,4.3,0.23,0.183,0.5,0.124,1,0.087,0.8,1.1,1.3,4524,average,350+,20.5
0.7,0.4,2.8,0.25,3,0.23,2.3,NA,3.2,0.19,4.5,0.14,1.7,0.22,0.097,0.9,NA,1.1,0.019,1,2.3,0.9,1014,low,350+,22.5
0.6,0.2,4,0.23,2.4,0.13,1.4,0.1,2.3,0.26,1.1,0.25,3.2,0.24,0.12,0.8,0.04,1.5,0.078,0.6,1.7,1.2,1210,NA,350+,33.3
0.6,0.4,2.3,0.24,3.1,0.21,2.7,0.27,2.3,0.12,3.1,0.12,3.2,0.22,0.151,0.6,NA,1.8,0.032,1.8,0.8,2,1300,average,350+,37.7
0.8,0.3,3.3,0.21,2.5,0.19,2.1,0.18,2.5,0.23,1.5,0.1,4.4,0.14,NA,1.8,0.044,0.8,0.05,1.1,0.5,1,3744,average,350+,35.6
0.6,0.2,4.3,0.16,4.7,0.27,4.8,0.15,3.8,0.16,4.9,0.15,3.9,0.12,0.025,0.8,0.198,1.9,0.077,0.5,2.1,NA,3825,high,350+,13.1
0.9,0.5,4,0.23,1.4,0.3,3.7,0.26,4.3,0.14,1.2,0.18,1.8,0.15,0.004,1.5,0.09,1.7,0.069,0.9,0.3,0.4,3600,high,350+,27.3
0.7,0.4,2.6,0.21,2.9,0.25,1.9,0.16,5,0.24,NA,0.22,2.9,0.21,0.174,1.8,0.035,0.9,0.003,1.2,2.1,2.2,216,low,350+,38
0.6,0.2,3,0.23,4.5,0.26,2.4,0.21,1.4,NA,1.7,0.29,4.2,0.15,0.14,NA,0.03,1.2,0.071,1.3,0.9,0.5,2737,average,350+,36.7
0.6,0.5,1.6,0.12,3.4,0.19,4.9,0.27,4.8,0.17,1.7,0.21,5,0.1,0.098,1.2,0.173,0.7,0.082,1.3,2,0.9,1260,low,350+,41.1
0.6,0.4,3.2,0.12,1.4,0.24,1.2,0.15,2.9,0.19,3.3,0.23,2.2,0.24,0.059,1,0.13,1.7,0.097,1.8,2.7,0.6,792,average,350+,36.4
0.7,0.2,1.4,0.26,1.6,0.22,2.3,0.25,4.4,0.17,2.3,0.17,3.1,0.25,0.038,1.5,0.175,1.9,0.046,1.2,0.5,2.1,169,low,350+,37.7
0.9,0.2,4.6,0.17,4.6,0.21,4.6,0.18,2,0.17,4.2,0.27,1.8,0.25,0.046,0.9,0.085,1,0.06,NA,3,0.9,1305,low,350+,17.1
0.8,0.2,2.3,0.14,3.9,0.17,1.4,0.2,2.6,0.23,2.7,0.14,3.2,0.14,0.076,0.8,0.067,1.2,0.062,2,0.8,NA,3654,NA,350+,23.9
0.8,0.3,1.8,0.19,1.6,0.26,NA,0.28,2.2,0.21,1.6,0.29,4.3,0.25,0.038,0.9,0.165,1.2,0.054,1.1,0.6,1.9,900,low,350+,42.9
0.6,0.3,3.1,0.21,NA,0.14,3.2,0.3,3.7,NA,3.1,0.18,1.2,0.28,0.126,1.5,0.057,0.7,0.1,1.7,0.8,2.3,1440,high,350+,31.7
0.8,0.4,1.1,0.24,4.5,0.25,1.1,0.13,4.9,0.15,3.3,0.18,2.2,0.27,0.186,1.6,0.054,2,0.045,1.4,1.3,0.5,2184,average,350+,30.9
0.5,0.3,4.6,0.25,2.3,0.28,2.7,0.2,2.2,0.25,4.2,0.23,4,0.19,0.131,0.7,0.199,0.6,0.093,1.3,0.4,1.9,3080,high,350+,38.3
0.6,0.2,1.6,0.1,2.9,0.23,2.3,0.25,3.6,0.16,2.4,0.27,4.6,0.23,0.057,1.7,0.142,0.7,0.058,1.2,1,2.6,1680,NA,350+,37.6
0.6,0.4,3.7,0.26,4.7,0.27,2.4,0.13,4.5,0.17,4.5,NA,3.3,0.16,0.016,1.5,0.16,1.5,0.087,1.7,1.4,1.2,1560,average,350+,22.2
0.6,0.3,3.3,0.17,2.7,0.17,3.4,0.27,4.2,0.2,3.4,0.23,1.8,0.21,0.095,0.7,0.038,0.6,0.05,0.5,0.5,1.9,616,low,350+,32.1
0.7,0.3,3.2,0.21,3.4,NA,4.8,0.17,3.7,0.16,4.5,0.17,1.2,0.13,0.046,0.6,0.111,1,0.039,1.8,3,0.7,2970,high,350+,11.2
0.8,0.5,3.1,0.23,1.4,0.18,NA,0.25,4.2,0.25,3.2,0.12,2.3,0.25,0.09,0.8,0.148,0.7,0.035,1.3,2.1,0.5,561,low,350+,37.6
0.7,0.3,2.1,0.14,2.1,0.13,2.5,0.2,4.8,0.15,2,0.24,2.1,0.29,0.145,0.8,0.021,1.8,0.063,1.5,0.1,2.5,2457,average,350+,42.1
0.6,0.4,4.9,0.21,4.3,0.22,1.7,0.21,1.4,0.22,1,0.19,3,0.27,0.023,1.7,0.105,0.9,0.018,0.7,1.7,2.1,646,low,350+,35.9
0.7,0.4,3.7,0.27,3.8,0.25,3.6,0.22,1.3,0.28,4.6,0.28,1.6,0.14,0.104,1.8,0.149,1.8,NA,2,0.2,1.7,3024,high,350+,29.6
0.7,0.2,1.7,0.11,2.1,0.28,3.5,0.13,4.8,0.11,1,0.3,1.8,0.17,0.122,0.8,0.195,1.2,0.001,1.5,1.4,1.1,575,low,350+,39.6
0.9,0.2,3.1,0.13,2.4,0.14,4.5,0.12,5,0.19,3.5,0.23,1.7,0.19,0.016,0.9,0.135,1.2,0.038,1.1,2.6,0.4,442,low,350+,2.2
0.6,0.4,4.4,0.17,3.3,NA,3.1,0.23,2.7,0.28,5,0.14,2.8,0.11,0.146,1.9,0.045,1.8,0.042,1.1,2,2.5,2688,high,350+,33.9
0.8,0.4,3.2,0.13,4.4,0.3,4.8,0.1,NA,0.11,1.5,0.25,3.2,0.2,0.171,1.1,0.067,1.7,0.006,1.5,0.1,1.3,4050,average,350+,34.3
0.6,0.2,2.8,0.12,4.7,0.24,4,0.2,2,0.18,4.8,0.27,2.8,0.25,0.161,1.7,0.139,1.4,0.007,0.8,2.7,1.1,510,low,350+,35.9
0.6,0.3,3.1,0.26,2,0.26,1.7,0.25,3.8,0.11,2.6,0.19,5,0.12,0.183,2,0.069,1.7,0.063,1.1,3,0.1,3528,average,350+,35.2
0.8,0.3,2.1,0.26,4.4,0.15,2.6,0.28,3.8,0.25,3.2,0.14,2.1,0.19,0.137,1.6,0.179,1.2,0.061,1.7,2.3,0.5,864,low,350+,42.8
0.7,0.4,4.8,0.15,4.3,0.24,4.3,0.29,4.7,0.11,2.4,0.17,2.2,0.15,0.061,1.3,0.016,0.8,0.038,0.8,2.7,0.8,2288,average,400+,30.7
0.8,0.2,2.6,0.28,1.7,0.13,4.4,0.28,2.2,0.11,2.7,0.23,4.3,0.1,0.088,0.6,0.043,0.7,0.077,1,3,2.5,2584,high,400+,23.5
0.8,0.4,2.9,0.18,2.1,0.11,1.9,0.28,4.8,0.14,3.3,0.25,3.5,0.23,0.009,1.7,0.175,0.8,0.037,1.5,2.7,2.2,3234,average,400+,15.7
0.7,NA,4.1,0.28,NA,0.17,3.3,0.16,3.4,0.23,4.8,0.13,4.6,0.16,0.18,1.7,0.022,1.1,0.024,1.9,0.2,0.8,1092,low,400+,35.9
0.9,0.3,3.8,0.16,2.9,0.24,1.1,0.13,2.3,0.22,2,0.14,1.3,0.14,0.077,0.7,0.048,2,0.067,1.4,2.7,0.5,2700,high,400+,16.8
0.5,0.4,4.1,0.15,2.3,0.11,3.4,0.23,4,0.14,1.9,0.15,3.1,0.22,0.115,1.5,0.114,1.9,0.086,0.8,NA,2.7,5800,high,400+,29.5
0.8,0.3,3.9,0.25,2.5,0.25,4.6,0.28,1.5,0.28,NA,0.14,4.6,0.25,0.183,1,0.117,NA,0.047,0.6,3,1.4,840,low,400+,35.9
0.8,0.4,4,0.18,3.2,0.17,4.1,0.3,1.9,0.26,4.3,0.27,1.5,0.15,NA,1.1,0.087,1,0.093,1.8,2,2.9,5040,high,400+,22.2
0.6,0.5,3.7,0.12,2.9,0.15,3.6,0.15,1.8,0.2,2,NA,3.9,0.19,0.007,1.7,0.036,0.9,0.064,1.3,1.3,1.4,4000,high,400+,29.1
0.8,0.3,4.2,0.16,3.4,0.23,2.9,0.3,2.7,0.23,2.2,0.26,2.5,0.21,0.086,1.3,0.2,1.3,0.072,NA,1.5,1.2,800,low,400+,41.6
0.8,0.2,2.8,0.27,1.8,0.16,4.7,0.22,3.5,0.23,4.1,0.1,4.4,0.1,0.157,1.1,0.029,1.4,0.025,1.3,2.5,1.5,1680,average,400+,31.3
0.5,0.2,4.9,0.16,2.5,0.2,3.3,0.11,4.5,0.12,1.9,NA,1.6,0.3,0.138,1.4,0.037,1.4,0.089,0.9,1.7,0.2,1368,low,400+,41.2
0.6,0.3,NA,0.23,3,NA,1.4,0.29,2.7,0.13,3.7,0.27,3.6,0.12,0.013,1.1,0.175,1.6,0.037,1.8,1.8,2,2310,average,400+,25.6
0.6,0.4,1.6,0.2,1.9,0.2,2.7,0.16,4.4,0.11,1.3,0.21,2.3,0.29,0.177,1.3,0.028,1.6,0.075,1,1,3,910,average,400+,41.2
0.6,0.2,2,0.19,NA,0.2,3.6,0.22,3.1,0.23,2.6,0.28,4,0.23,0.139,0.7,0.16,0.8,0.068,0.9,1.3,1.5,1250,low,400+,39
0.6,0.3,3.6,0.14,3.2,0.17,1.1,0.29,1.9,0.28,3.1,0.26,1.8,0.25,0.191,1.4,0.067,NA,0.001,0.6,1.3,1.7,1440,average,400+,33.9
0.6,0.4,2.9,0.24,2.3,0.14,2.8,0.14,4.2,0.14,1.9,0.2,4.8,0.27,0.061,0.8,0.106,0.9,0.074,1.4,2.8,0.7,3952,high,400+,27.9
0.6,0.4,1.3,0.23,1.4,0.26,1.9,0.23,4.3,0.3,1.2,0.13,3.8,0.11,0.14,1.1,0.131,0.9,0.025,2,1.4,0.8,6250,high,400+,30.9
0.8,0.3,3,0.21,3.4,0.15,4.6,0.2,1.6,0.24,4.4,0.21,1.8,0.26,0.149,1.3,0.061,0.7,0.055,1.7,0.2,2.9,810,low,400+,36.4
0.7,0.3,4.8,0.11,1.3,0.27,2.2,0.26,3.5,0.24,2.9,0.16,4.4,0.2,0.121,0.6,NA,1.6,0.008,1.5,0.8,2.7,4752,high,NA,34.9
0.8,0.3,3,0.16,3.2,0.15,2.5,0.2,4.8,0.22,4.3,0.2,4.1,0.14,0.045,1.5,0.084,1,0.089,0.6,1.8,1.1,759,low,400+,33.7
0.5,0.4,1.4,0.28,1.3,0.13,4.8,0.27,4.9,0.19,2.4,0.19,1.2,0.16,0.029,0.9,0.02,1.2,0.034,0.6,1.3,1.3,816,low,400+,23.1
NA,0.3,1.7,0.26,1.2,0.12,2.6,0.17,1.7,0.16,3.9,0.23,4.7,0.1,0.032,1.5,0.198,0.7,0.022,1.6,2.4,1.1,2184,average,400+,26
0.8,0.4,4.6,0.28,1,0.28,2.9,0.29,1.2,0.2,4.8,0.21,NA,0.2,0.074,0.7,0.182,NA,0.067,0.9,1.4,1.1,1296,average,400+,36.7
0.6,0.3,1.8,0.22,4.7,0.15,1.3,0.16,3.1,0.21,5,0.11,1.4,0.3,0.089,0.6,0.149,1.1,0.002,1.8,1.7,0.5,2400,high,400+,14.7
0.6,0.3,3.8,0.2,1.5,0.14,3.4,0.22,4.7,0.21,2.9,0.24,3.2,0.1,0.084,1.7,NA,1.4,0.048,1.5,1,3,375,low,400+,34.8
0.8,0.4,2.9,0.16,1.1,0.14,1.6,0.24,4.2,0.28,2.8,0.24,2.7,0.28,0.005,0.7,0.164,0.7,0.092,0.6,0.2,1.2,1680,low,400+,42.1
0.7,0.4,1.9,0.27,3.4,0.15,2.6,0.26,NA,0.17,3.8,0.2,1.7,0.2,0.121,1.8,0.119,1.3,0.074,1.8,0.4,1.2,1008,average,400+,42.5
0.5,0.4,2.8,0.15,2.3,0.17,3.8,0.23,3.7,0.25,2.4,0.24,2.9,0.26,0.034,1.4,0.046,1.3,0.09,1.7,1.3,2.8,3016,high,400+,34.5
0.9,0.3,2.3,0.27,2.6,0.27,3.4,0.24,3.5,0.26,1.9,0.14,4.6,0.18,0.17,1.5,0.081,2,0.062,1,2.4,2.3,2700,average,400+,27.9
0.8,0.2,3.3,0.19,1,0.2,4.1,0.28,1.1,0.18,1.6,0.2,2.8,0.12,0.156,0.7,0.012,0.7,0.059,0.9,1.8,0.5,1584,high,400+,33
0.5,0.3,3.5,0.13,3.9,0.28,2,0.16,4.4,0.26,3.1,0.16,2.8,0.25,0.033,1.7,0.197,1.9,0.092,0.6,1.5,0.6,532,low,400+,35.5
0.7,0.4,1.3,0.24,3.4,0.19,3.6,0.24,2.9,0.17,3.4,NA,2,0.29,0.067,1.3,0.037,1,0.003,0.8,2.6,1.7,867,low,450+,26.2
0.8,0.2,3.3,0.25,2.6,0.29,2.2,0.28,3.2,0.26,4.7,0.29,3.8,0.21,0.032,0.6,0.027,1.1,0.034,1.2,NA,1.3,5832,high,450+,25.9
0.5,0.3,2.6,0.19,1.4,0.11,1.6,0.21,5,0.17,3.6,0.26,3.7,0.23,0.196,0.8,0.129,1.3,0.02,0.6,0.7,2,1386,low,450+,39.2
0.8,0.4,3.9,0.24,1.8,0.29,4.5,0.11,3,0.15,3.9,0.29,4.2,0.23,0.182,1.6,0.127,1.2,0.025,0.6,2.7,2.2,1771,average,450+,39.1
0.9,NA,2.8,0.25,2,0.11,2.2,0.21,3,0.28,4.2,0.19,3.5,0.3,0.168,1.8,0.167,1.5,0.007,1.8,1.4,1.9,1242,low,450+,33.9
0.7,0.4,1.7,0.29,2.1,0.15,2.4,0.13,3.4,0.19,NA,0.26,4.2,0.28,0.002,1.7,0.083,1.5,0.074,0.5,2.5,3,1540,average,450+,2.4
0.8,0.4,2.9,NA,3.9,0.2,2.5,0.2,4.3,0.19,3.1,0.27,4.8,0.14,0.066,0.7,0.037,1.5,0.036,1.2,NA,0.3,1035,low,450+,31.8
0.6,0.2,2.2,0.11,5,0.14,2.2,0.17,3,0.3,2.5,0.11,4,0.16,0.045,1.9,0.017,1.5,0.044,1.1,1,1.9,1200,average,450+,34.7
0.6,0.4,4.3,0.3,3.3,0.27,3.5,0.3,3.8,0.18,4.2,0.28,4.3,0.23,0.109,0.9,0.167,0.9,0.011,1.2,1.3,NA,3696,high,450+,33
0.5,0.4,1.6,0.15,3.4,0.23,2.5,0.23,3.3,0.23,4.4,0.15,4.4,0.29,0.158,1.4,0.192,1.2,0.073,1.7,1.4,1.1,2592,high,450+,35.8
0.8,0.2,4.5,0.14,1,NA,1,0.22,3.3,0.28,2.6,0.14,2.5,0.18,0.105,0.9,0.18,1.9,0.075,2,1.5,1.2,1872,average,450+,33.2
0.5,0.4,2.2,0.14,4.2,0.15,2.2,0.2,1.6,0.29,4.2,0.24,2.4,0.3,0.075,1.7,0.146,1.6,0.056,1.8,1.3,2.5,1920,high,450+,30.7
0.8,0.4,1.4,0.16,1.4,0.28,2.7,0.24,2.3,0.1,3.7,0.28,3.5,0.15,0.032,0.9,0.183,0.8,0.068,1.2,2.2,2.8,NA,average,450+,14.5
0.7,0.5,2.9,0.24,4.6,0.12,1.6,0.12,2.6,0.11,1.3,0.18,3.1,0.26,0.122,1.6,0.134,1.3,0.038,0.5,0.2,1.1,437,low,450+,35.6
NA,NA,1.5,NA,1.4,0.14,NA,0.21,1.8,0.25,2.4,0.11,4.1,0.29,0.043,1.3,0.02,1.4,0.068,0.6,1.3,1.9,2940,average,450+,35.8
0.6,0.3,2.3,0.21,1.6,0.23,3.4,0.26,4.8,0.1,4.1,0.17,4.5,0.11,0.044,1.6,0.06,0.8,0.056,1.6,0.3,2.6,3332,average,450+,41
0.7,0.5,2.6,0.14,4,0.15,3.1,0.14,3.3,0.15,4.1,0.29,1.5,0.25,0.078,0.7,0.033,0.7,0.021,1.2,1.2,2.3,5500,high,450+,17.3
0.8,0.3,1.1,0.12,3.5,0.23,2.3,0.17,1.1,0.27,2.5,0.12,1.8,0.28,0.055,0.5,0.116,1.8,0.002,0.8,1.7,0.8,1105,average,450+,9.5
0.8,0.4,4.2,0.22,2.7,0.28,3.8,0.1,1.6,0.28,1.5,0.15,1.4,0.23,0.06,1,0.054,0.6,0.085,1.2,2.6,0.4,1560,average,450+,27.6
0.9,0.3,3.7,0.19,4.5,0.2,1.4,0.23,3.1,0.25,1.8,0.22,1.5,0.16,0.029,0.7,0.066,0.8,0.002,1.5,0.9,1.7,3360,NA,450+,9
0.7,0.3,1.7,0.12,3.4,0.21,4.6,0.3,3.6,NA,4.7,0.17,3.9,0.1,0.004,1,0.065,0.5,0.02,0.5,1.7,2.8,3724,average,450+,3.3
0.6,0.3,2.7,0.18,1.9,0.15,3,0.15,3.1,0.23,3.2,0.19,2.2,0.22,0.171,2,0.085,1.4,0.069,0.6,1.7,0.6,360,low,450+,43.3
0.9,0.3,2.2,0.11,3.7,0.25,3.9,0.18,2.4,0.28,4.5,0.17,1.1,0.11,0.127,0.6,0.068,1.3,0.002,1.6,1.7,2.6,2040,high,450+,14.8
0.5,0.5,4.9,0.22,2.9,0.19,4.1,0.13,4.6,0.22,4.3,0.2,2.5,0.15,0.164,1.6,0.135,1.9,0.093,1.8,2.6,1.6,408,low,450+,44.6
0.6,0.3,3.9,0.12,4.6,0.24,3.6,0.21,4.4,0.23,2.8,0.28,4.9,0.19,0.027,0.6,0.069,1.4,0.043,2,0.6,3,5832,high,450+,31.9
0.6,0.2,3.5,0.17,3.1,0.24,3,0.29,1.2,0.2,2.7,0.29,4.5,0.17,0.112,0.7,0.063,1.8,0.066,1.4,1.1,2,1728,average,450+,40.5
0.6,0.3,2.6,0.19,3.2,0.2,3.8,0.27,1.7,0.2,3.1,0.27,1.8,0.19,0.167,0.7,0.124,1.9,0.005,0.7,1.2,0.3,1792,high,450+,28
0.7,0.4,3.6,0.27,3.2,0.27,2.4,0.11,3.1,0.17,1.8,0.26,2,0.26,0.073,2,0.116,1.5,0.085,0.7,0.9,0.6,2475,high,450+,34.6
0.9,0.3,2.2,0.28,1.3,0.24,2.4,0.11,3.4,0.19,4.4,0.24,2.9,0.18,0.135,1.4,0.09,0.7,0.061,1.8,2.8,2.2,4680,average,450+,24.7
0.8,0.4,3.6,0.27,1.9,0.27,3.4,0.22,2.5,0.28,4.1,0.2,4.6,0.16,0.198,1.9,0.178,1.2,0.1,1.3,3,2.1,600,low,450+,41.8
0.6,0.4,1.8,0.23,4,0.24,4.5,0.18,1.9,0.3,1.2,NA,2.5,0.29,0.005,0.6,0.132,1.6,0.098,1.2,2.5,0.6,2646,average,450+,9.4
0.6,0.2,2,0.25,1.4,0.19,3.5,0.19,3.6,0.13,4.6,0.13,2.5,0.23,0.124,1.9,0.168,0.6,0.089,0.7,2.6,1.3,4788,high,450+,28.7
0.6,0.4,2.2,0.18,2.5,0.14,2.7,0.15,1.6,0.14,2.9,0.26,1,0.18,0.149,1.9,0.091,0.5,0.077,0.8,2.7,2.8,374,low,450+,31.3
0.8,0.5,4.8,0.18,2.5,0.21,3.8,0.11,4.4,0.24,3.8,0.17,2.3,0.2,0.028,1.1,0.123,1.9,0.06,1.7,2.3,1,1248,average,450+,25.1
0.6,0.2,1.2,NA,4.6,0.17,1.7,0.24,1.9,0.13,2.9,0.2,2.9,0.11,0.185,0.7,0.093,1.9,0.079,1.7,0.4,2.6,3500,average,450+,33.6
0.5,0.4,1.4,0.2,1.6,0.19,NA,0.19,4.6,0.19,2.7,0.28,4.7,0.23,0.05,1.1,0.126,1.7,0.033,NA,2.1,2,500,low,450+,36.7
0.7,0.5,4.8,0.24,2.3,0.24,4.2,0.27,4.4,0.14,2.8,0.11,4.6,0.13,0.019,0.8,0.143,1.1,0.092,1,0.5,2,660,average,450+,42.8
0.6,0.4,1.1,0.13,3,0.29,4,0.27,1.1,0.23,4.8,NA,4.2,0.27,0.036,1.6,0.112,1.1,0.045,1.6,0.4,2.5,1254,low,450+,27.8
0.8,0.3,4.5,0.16,3,0.17,3,0.29,3.8,0.18,2.3,0.16,3.8,0.16,0.068,1.5,0.162,1.2,0.009,1.2,2.1,2.4,2640,average,450+,33.3
NA,0.4,2.4,0.1,3.7,0.2,4,0.19,4.7,0.15,3.2,0.11,3,0.3,0.144,1.7,0.156,1.9,0.011,0.7,0.7,1.1,2079,average,450+,34.8
0.9,0.4,4.9,0.16,2.1,0.14,NA,0.1,1.2,0.3,4.1,0.29,4.5,0.14,NA,1.5,0.13,1,0.074,1.9,0.4,1.1,684,low,450+,44.8
0.6,0.4,4.7,0.12,4.1,0.27,1.2,0.11,3.5,0.12,4.7,0.21,4.3,0.11,0.098,1.3,0.053,1.9,0.015,0.9,1.2,2.3,1210,average,500+,39.2
0.5,0.4,2,0.1,4.1,0.21,4.9,0.28,4.9,0.14,1.7,0.17,1.3,0.12,0.017,1.7,0.144,1.4,0.027,1.8,2.6,1.3,676,low,500+,26.3
0.8,0.3,4,0.21,2.5,0.29,4.6,0.27,4.7,0.2,2.9,0.18,2.2,0.1,0.092,1.1,0.043,1.4,0.042,1.5,0.7,2.6,5184,high,500+,30.3
0.7,0.4,3.8,0.15,4.4,0.11,4.4,0.25,1.4,0.14,1.6,0.17,4.7,0.25,0.144,1.2,NA,1.1,0.099,0.5,1.3,2.4,1560,average,500+,40.6
0.6,0.3,2.8,0.24,1,0.25,2.5,0.2,1.5,0.16,3.9,0.16,2,0.16,0.18,0.6,0.167,1.9,0.026,0.6,2.1,0.2,2185,average,500+,32.2
0.7,0.3,2.1,0.17,4.2,0.2,3.7,0.2,1.2,0.25,2.6,0.29,2.4,0.2,0.073,0.7,0.134,0.6,0.021,1.9,1,1.4,2645,average,500+,27
0.8,0.5,4.6,0.15,3.7,0.3,3.3,0.18,3.6,0.29,1.7,0.16,2.6,0.21,0.082,0.9,0.156,1.2,0.022,0.8,3,0.3,1170,average,500+,28.3
0.5,0.3,1.2,0.3,3.2,0.25,1.6,0.11,1.7,0.3,2.1,0.17,3,0.19,0.188,1,0.045,0.8,0.091,1.8,2.8,2.2,1400,average,500+,35.5
0.6,0.3,1.9,0.13,4.4,0.25,4.4,0.26,5,0.14,3.5,0.1,1.8,0.11,0.101,1.1,0.011,NA,0.058,1.6,2.7,0.6,870,low,500+,33.7
0.5,0.4,2.7,0.17,4,0.14,1.8,0.21,2.9,0.17,1.1,0.26,1.1,0.12,0.036,1.7,0.115,0.6,0.015,1.7,2.3,1.6,3150,average,500+,25.8
0.7,0.4,2,0.17,4.8,0.28,2,0.25,2,0.25,2.4,0.2,NA,0.13,0.039,1.1,0.161,0.8,0.014,1.5,1.8,1,330,low,500+,22.8
0.6,0.3,2.3,0.11,1.7,0.25,3.8,0.13,1.5,0.12,2.2,0.16,4.1,0.23,0.048,1.2,0.159,0.8,0.041,0.9,1.5,0.3,540,low,500+,41.4
0.6,0.4,2.5,0.19,4.2,0.18,2.7,0.13,1.3,0.23,3.3,0.21,3.3,0.13,0.129,1.8,0.109,0.8,0.016,1,0.5,1.4,180,low,500+,30.6
0.6,0.4,2.6,0.25,1.5,0.24,3.7,0.18,2.7,0.1,1.8,0.24,2.1,0.28,0.149,0.8,0.112,1,0.009,2,1.6,2.6,3910,high,500+,32.8
0.6,0.3,4,0.19,3.6,0.22,3.4,0.27,1.2,0.24,2.1,0.24,4.8,0.23,0.01,1.1,0.136,1.2,0.036,0.9,0.4,2.6,1680,average,500+,40.8
0.6,0.2,4.8,0.16,3.8,0.24,4,0.26,4.5,0.19,4.5,0.21,1.2,0.12,0.166,0.7,0.009,0.5,0.033,1.8,1.6,1.6,1292,average,500+,33.2
0.8,0.4,3.4,0.25,1,0.28,1.1,0.23,4.8,0.25,2.4,0.2,2.1,0.25,0.096,1.9,0.08,0.7,0.008,1.1,2.8,2.6,5040,NA,500+,26
0.5,0.3,5,0.14,2.8,0.15,3.4,0.28,2.5,0.25,2.2,0.23,2.1,0.25,0.097,1,0.017,0.9,0.025,1.6,0.9,1,4320,high,500+,37.3
0.7,0.2,4.4,0.24,4.2,0.29,NA,0.22,4.4,0.3,4.5,0.26,4.9,0.22,0.056,1.4,0.097,0.9,0.005,0.6,1.3,2.5,1748,average,500+,34.9
0.8,0.2,3.6,0.17,4.7,0.16,3.8,0.25,2.9,0.21,3.8,0.17,2.1,0.25,0.087,1.9,0.118,NA,0.084,2,2.5,1.7,798,low,500+,36.8
0.5,0.4,2.3,0.28,5,0.29,2,0.18,1.2,0.1,1.1,0.17,1.2,0.19,0.125,2,0.121,1.1,0.013,NA,1,2.3,1566,low,500+,20.2
0.8,0.4,3.8,0.24,2,0.11,1.2,0.19,4.6,0.17,4.6,0.15,1.2,NA,0.11,1.2,0.182,1.9,0.092,1.6,0.7,0.9,1575,average,500+,34.9
0.8,0.4,4.4,0.2,4.2,0.11,3.7,0.24,2.6,0.1,1.3,0.17,3.8,0.3,0.006,1.6,0.104,1.9,0.027,1.7,0.8,2.6,5616,high,500+,26.5
0.9,0.4,3.1,0.28,1.5,0.16,3.6,0.16,2.8,0.29,4.3,0.2,3.9,0.28,0.131,1.3,0.062,1.2,0.005,1.6,1,1.6,1122,low,500+,37.1
NA,0.4,1.8,0.13,4,0.28,3.7,0.16,3,0.13,2.5,0.17,1.7,0.2,0.186,1.8,0.1,0.7,0.042,1.7,1,0.1,2030,average,500+,38.3
0.6,0.3,4.5,0.17,3.3,0.12,3.5,0.17,4.2,0.13,4.2,0.27,3,0.24,0.182,1.2,0.158,1.2,0.044,NA,2,2,3024,average,500+,33.8
0.9,0.2,2.6,0.17,2.5,0.18,2.6,NA,2.5,0.28,1.3,0.19,4.8,0.17,0.054,0.9,0.13,1.3,0.098,1.3,3,2.4,728,low,500+,37.1
0.7,0.4,2.4,0.25,3.8,0.16,4.8,0.11,2.3,0.27,2.8,0.17,3.1,0.12,0.122,1,0.037,1.4,0.029,1.2,1.9,1.2,364,low,500+,38.6
0.8,0.3,3.5,0.21,3.2,0.13,3.2,0.21,2.7,0.28,1.8,0.2,2.9,0.21,0.073,1.6,0.097,0.5,0.087,1,2.6,1.7,4620,high,500+,23.3
0.7,0.3,3,0.25,4,0.27,2.6,0.18,2.6,0.3,1.4,0.29,NA,0.23,0.15,1.3,0.126,1.1,0.023,1.7,1.3,1.6,1800,average,500+,40.5
0.7,0.4,3.2,0.21,2.4,0.12,3.5,0.2,3.5,0.28,4.3,NA,3,0.24,0.099,0.8,0.128,NA,0.008,1.2,NA,2.3,1404,average,500+,27.5
0.9,0.4,1.5,0.17,1.4,0.29,2.3,0.27,2.7,0.1,3.5,0.26,1.2,0.25,0.182,1.7,0.174,1.3,0.053,0.8,1,0.4,2030,average,500+,28.9
0.5,0.5,2.6,0.15,2.4,0.12,2,0.13,4.1,0.15,1.1,0.25,3.7,0.18,0.042,1.9,0.142,1.8,0.086,1.1,2.5,2.7,4400,high,500+,33
0.7,0.3,4.8,0.18,1.4,0.22,2,0.2,1.4,0.23,1.5,0.26,4.1,0.19,0.179,1.1,0.003,0.9,0.064,1.1,1.7,1,3360,average,500+,40.5
0.7,0.4,2.5,0.2,2.8,0.28,3.6,0.23,1.6,0.29,2.5,0.27,4.7,0.1,0.193,1.6,0.115,0.5,0.022,1.6,1.1,1.6,3625,average,550+,40.1
0.8,0.4,1.3,0.24,4.1,0.24,1.5,0.16,4.3,0.11,2.4,0.1,3.9,0.17,0.01,1.9,0.148,1.4,0.069,1.3,0.3,2.4,300,low,550+,24.9
0.7,0.2,1.2,0.24,1.9,0.13,4.6,0.15,3.2,0.13,2.5,0.26,1,0.21,0.189,1,0.174,1.4,0.035,0.6,0.7,0.9,2880,high,550+,31.2
0.8,0.3,3.9,0.29,4.8,0.18,3.6,0.11,4.4,0.21,1,0.14,2,0.12,0.086,0.5,0.173,0.5,0.096,1.9,2.8,2.2,2576,average,550+,24.6
0.9,0.2,3.6,0.27,3.2,0.22,1.7,0.12,2.3,0.24,3.4,0.12,3.5,0.17,0.075,0.5,0.112,1.5,0.061,1.4,3,2.3,1400,average,550+,21.4
0.6,0.4,3.2,0.19,2.1,0.14,4.7,0.11,1.3,0.15,2.5,0.16,2.1,0.19,0.112,1.7,0.162,1.1,0,1.7,2.7,3,792,low,550+,39.3
0.9,0.4,3.4,0.21,4.6,0.18,5,0.17,2.6,0.26,4.6,NA,2.3,0.23,0.125,0.8,0.116,1.9,0.054,0.8,0.3,2.2,1620,high,550+,23
0.6,0.3,4.8,0.17,2.6,0.27,1.8,0.22,2.8,0.15,3.6,0.23,2.8,0.26,0.021,1.4,0.018,1.4,0.038,0.6,2.4,2.1,1960,average,550+,25.9
0.6,0.5,4.4,0.25,NA,0.23,1.4,0.23,3.8,0.24,3.9,0.23,1.9,0.16,0.179,1.8,0.064,0.8,0.03,0.6,2.6,0.1,2200,average,550+,39.8
0.7,0.5,4.8,0.23,4.2,0.13,2.8,0.29,1.8,0.14,4.9,0.11,NA,0.22,NA,1.7,0.078,1.9,0.02,1.8,0.7,1.9,736,low,550+,31.8
0.7,0.4,3.2,0.22,4.8,0.24,3.7,0.17,2.9,0.15,4.6,0.21,2.7,0.28,0.008,0.5,0.078,1.6,0.028,1.4,2.2,3,950,average,550+,3.2
0.8,0.3,4.4,0.13,4.2,0.19,4.1,0.27,1.3,0.3,4.9,0.24,NA,0.24,0.183,1.6,0.129,1.9,0.096,1,1.2,1.7,600,low,550+,42.5
NA,0.3,1.8,0.3,NA,0.27,3.1,0.24,1.6,0.2,2.2,0.12,1.1,0.22,0.137,0.7,0.003,1.9,NA,1.1,0.8,2.7,1305,low,550+,31.9
0.8,0.2,4.5,0.16,2.4,0.1,2.8,0.19,2.2,0.24,4.7,0.2,3.8,0.2,0.093,1.8,0.187,1.9,0.006,1.4,0.8,1,3520,high,550+,30.7
0.5,0.5,1.2,0.15,1.3,NA,4.1,0.27,1.1,0.16,4.2,0.21,4.7,0.19,0.079,1.2,0.134,1,0.03,1.3,0.9,2.8,1100,average,550+,37.7
0.8,0.5,2.2,0.22,4.9,0.13,3.1,0.2,1.3,0.16,4.6,0.17,3.1,0.26,0.082,1.9,0.113,0.8,0.041,1.1,1.5,1.4,1512,high,550+,28.2
0.8,NA,5,0.28,2.1,0.24,4.1,0.21,5,0.22,3.5,0.19,3.9,0.16,0.195,1.8,0.172,1.9,0.043,1.5,3,1.6,1088,average,550+,42.9
0.7,0.3,4.6,0.24,1.5,0.11,4.4,0.23,3.7,0.17,4.2,0.19,4.4,0.26,0.011,1.1,0.015,1.4,0.094,0.8,1.5,0.3,550,average,550+,42.7
0.7,0.3,2.7,0.18,3.8,0.21,3.5,0.1,2.9,0.21,2.1,0.11,4.9,0.29,0.041,0.6,0.18,1.3,0.074,1.6,0.5,0.4,1944,high,550+,33.1
0.9,0.3,2.1,0.18,2,0.12,2.8,NA,3.8,0.29,4.5,0.17,1.5,0.25,0.168,1.3,0.195,2,0.083,1.1,0.5,1.5,3451,average,550+,26.3
0.5,0.3,1.4,0.27,3.7,0.26,3.2,0.22,4.8,0.24,4.6,0.22,4.9,0.18,NA,0.8,0.056,1.5,0.045,1.4,0.3,2.4,1596,average,550+,12
0.8,0.3,1.3,NA,4.7,0.16,4.1,0.12,3.1,0.28,4.4,0.2,3.2,0.24,0.18,1.4,0.105,1.4,0.061,1.3,2.8,2.9,1080,average,550+,33
0.7,0.4,1.8,0.17,1.4,0.24,4.3,0.14,4.8,0.13,1.9,0.25,3.7,0.1,0.099,1.1,0.117,1.9,0.011,1.3,2.3,2,3420,high,550+,29.7
0.7,0.5,1.1,NA,2,0.28,3.2,0.25,3,0.17,1.4,0.22,3.6,0.19,0.106,1.1,0.198,1,0.049,1.1,1.4,2.9,3150,average,550+,35.4
0.6,0.4,4.2,0.3,NA,0.16,1.5,0.15,4.6,0.19,4.7,0.3,1.7,0.15,0.045,1.6,0.012,0.9,0.047,1.8,0.6,NA,504,low,550+,34.6
0.8,0.3,1.2,0.29,3,0.22,4.6,0.28,2.8,0.12,3.8,0.18,2.7,0.19,0.178,1.8,0.097,0.6,0.06,1.3,NA,0.5,1620,high,550+,35.4
0.6,0.3,1.3,0.29,4.7,0.12,1.9,0.13,1.4,0.18,NA,0.16,4.6,0.2,0.029,NA,0.081,1.2,0.042,1.1,2.3,1.1,4680,high,550+,15.2
0.9,0.2,1.9,0.12,3.1,0.3,4.8,0.17,2,0.3,2.6,0.2,4.7,0.18,0.087,1.4,0.109,1,0.081,1.3,2.8,0.7,2940,average,550+,22.6
0.7,0.4,3.8,0.16,2.4,0.12,4.1,0.19,3.6,0.27,4.3,0.23,4.3,0.15,0.159,1.9,0.069,2,0.054,1.1,0.8,1.7,1360,high,550+,42.4
0.9,0.3,4.5,0.14,4.1,0.19,1.3,0.25,1.8,0.21,3.1,0.14,1.1,0.23,0.005,1.2,0.109,1.4,0.087,1.5,2.4,1.8,1740,average,550+,3.8
0.5,0.3,1.4,0.29,2.6,NA,1.5,0.3,3.8,0.29,2.5,0.21,1.9,0.25,0.113,1.1,0.146,1,0.026,1,1.2,2.3,3780,average,550+,29.6
0.8,0.2,5,0.12,4,0.12,1.6,0.21,1.3,0.14,4.1,0.24,1.1,0.24,0.023,1.1,0.084,1,0.074,1.7,2.9,2.1,2436,low,550+,10.9
0.6,0.3,3.1,0.28,2.8,NA,1.4,0.29,1.6,0.23,1.6,0.22,1.6,0.12,0.184,1.1,0.195,1,0.082,1.1,0.9,2,3045,average,550+,38.1
0.7,0.3,1.6,0.1,3,0.16,2,NA,1.5,0.15,2.8,0.11,3.3,0.21,0.089,0.8,0.15,1.4,NA,1.4,1.9,1.1,2944,high,550+,26.6
0.9,0.2,1.6,0.13,2,0.11,1.7,0.11,3.3,0.24,4.1,0.28,NA,0.15,0.118,1.4,0.154,1.8,0.045,0.9,2.4,2,2100,high,550+,19.1
0.9,0.5,1.4,0.29,1.7,0.12,4.8,0.19,4.8,0.18,4,0.3,2.4,0.24,0.098,NA,0.037,1.7,0.038,1.5,1,2.8,3000,high,550+,22.8
0.7,0.2,4.2,0.22,2.4,0.16,2,0.14,3.3,0.17,2.7,0.25,3.4,0.15,0.038,0.5,0.139,1.3,0.097,1.3,2,1,1450,low,550+,40.7
0.8,0.3,3.9,0.21,1.6,0.11,3.2,0.28,2.3,0.3,2.2,0.27,1.5,0.16,0.112,1.1,0.032,0.9,0.031,0.5,1.1,2.2,1600,high,550+,31.6
0.7,0.5,2.3,0.21,1.2,NA,1.3,0.13,3.2,0.3,3,0.12,2.4,0.16,0.075,1.7,0.101,1.3,0.099,1,1.4,2.3,1056,high,550+,38.7
0.7,0.2,1.7,0.15,1.4,0.28,3.8,0.13,3.3,0.11,2.6,0.28,4.3,0.14,0.121,1.2,0.148,1.4,0.044,1.3,2.9,0.1,2448,average,550+,36.7
0.7,0.4,3.6,0.27,4.2,0.18,1.2,0.2,4.4,0.21,2.3,0.28,1.5,0.26,0.005,0.8,0.049,0.7,0.019,1,2.3,1.6,3933,high,550+,5.5
0.8,0.5,3.9,0.22,5,0.24,4.6,0.18,2.7,0.18,4.9,0.17,2.6,0.15,0.045,1.9,0.1,1.8,0.064,1.5,0.8,0.1,4320,average,550+,27.6
0.8,0.4,3.7,0.22,4,0.25,1.8,0.18,4.4,0.19,3.7,0.25,2,0.13,0.125,1.6,0.016,1.4,0.08,1.5,0.7,2.1,3510,high,550+,29.7
0.8,0.4,4.7,0.14,4.4,0.21,1.8,0.2,2.7,0.27,2.3,0.25,2.6,0.23,0.09,1.4,0.156,1.2,0.092,1.1,0.1,0.6,3328,high,550+,40.6
0.7,0.3,4.6,0.15,5,0.13,1,0.27,1.1,0.15,3.5,0.27,3.3,0.28,0.071,1.6,0.078,0.5,0.097,1.3,1,2.6,1755,high,550+,32.9
0.8,0.3,3.4,0.25,1,0.28,2.1,0.27,4.6,0.18,1.6,0.29,3.8,0.28,0.089,1.5,0.128,1.5,0.069,1.1,1.5,0.5,2002,average,550+,41.9
0.8,0.4,2.7,0.29,3.6,0.29,3.9,0.12,2.4,0.27,2.2,0.14,3.4,0.15,0.02,1.1,0.164,0.8,0.005,0.8,2,0.3,336,low,550+,34.2
0.9,0.3,3.5,0.27,1.3,0.23,1.1,0.23,4.6,0.29,2.4,0.24,4.9,0.27,0.038,1.9,0.166,1.8,0.088,1.7,2.8,2.9,1300,average,550+,35.2
0.5,0.3,2.3,0.2,2.8,0.11,3.7,0.16,1.8,0.24,4,0.13,4.5,0.29,0.023,0.5,0.166,0.5,0.057,1.4,2.7,2.9,2160,average,550+,21.2
0.9,0.3,4.7,0.22,3.5,0.25,3.6,0.13,3.6,0.16,3.6,0.23,1.5,0.18,0.069,1.7,0.16,1.3,0.003,1.5,2.9,1.7,3536,high,550+,16.3
0.6,0.3,2.8,0.28,4.5,0.16,2.8,0.17,4.5,0.19,4,0.12,4.9,0.25,0.063,1.9,0.15,1.6,0,0.6,1.3,1.8,494,low,550+,39.2
0.7,0.3,3.6,0.27,4.8,0.18,3.3,0.17,2.7,0.26,2.6,0.17,3.9,0.27,0.111,1.7,0.084,NA,0.027,0.6,1.1,2.9,462,low,550+,39.1
0.5,0.4,2.7,0.23,3.9,0.13,4.8,0.14,1.8,0.23,4.5,0.18,3.4,0.23,0.04,1.9,0.055,0.5,0.069,1.8,2.3,2.3,1300,high,550+,28
0.6,0.3,2.2,0.15,1.2,0.22,4.9,NA,4.3,0.26,3.4,0.2,3.4,0.15,0.012,1.8,0.152,1.3,0.068,1,1.4,0.4,432,low,550+,36.5
0.9,0.2,3.4,0.2,4.8,0.15,4.6,0.3,2.7,0.26,4.8,0.16,1.5,0.16,0.12,1.3,0.016,1.2,0.008,1.5,1.6,0.9,1160,low,550+,33.9
0.6,0.2,4.1,0.22,4.7,0.24,4.6,0.12,4.1,0.16,1.2,0.13,2,0.11,0.028,1.8,0.155,1.3,0.094,1.3,2.9,1.7,900,average,550+,36.6
0.7,0.3,3.8,0.29,3.2,0.12,2.4,0.29,2.7,0.12,4.5,0.21,2.2,0.22,0.08,1.5,0.023,1.6,0.046,1.1,1,1.4,600,low,600+,36.9
0.6,0.3,3.8,0.17,3.2,0.1,1.9,0.29,3.4,0.24,4.5,0.29,2.8,0.14,0.154,0.7,0.133,1.8,0.068,1.5,NA,1.8,660,low,600+,39.6
0.6,0.5,3.5,0.3,2.3,0.23,1.6,0.18,3.2,0.23,3.4,0.16,2.4,0.16,0.199,1,0.021,1.9,0.074,NA,2.7,0.7,1890,NA,600+,39.6
0.8,0.4,3,0.28,3.2,0.14,1.6,0.17,1.9,0.15,2.5,0.28,1.1,0.21,0.126,1.9,0.18,0.7,0.077,1.1,2.3,2.2,1449,low,600+,37.5
0.8,0.2,1.1,0.23,4,0.25,2.2,0.11,2.6,0.23,1.5,0.14,1.9,0.22,0.081,0.6,0,0.6,0.045,0.6,0.2,1.7,576,low,600+,31.8
0.8,0.3,4,0.25,4.5,0.15,5,0.11,1.1,0.13,4,0.26,2.2,0.14,0.129,1.8,0.057,0.7,0.098,1.3,0.6,2.1,2475,high,600+,28.1
0.6,0.2,3.5,0.29,3.5,0.17,3.6,0.27,1.7,0.18,1.6,0.15,3.6,0.13,0.075,0.5,0.151,1.2,0.031,0.9,0.3,0.4,2970,average,600+,43.1
0.7,0.3,4.5,0.11,1.8,0.27,4.5,0.27,2.4,0.28,4.6,0.11,4.1,0.13,0.065,1.2,0.125,1.4,0.021,0.5,0.3,0.9,3915,high,600+,39.1
0.6,0.2,3.9,0.14,2.3,0.14,3.3,0.2,4.5,0.2,1.5,0.11,3,0.13,0.16,1.7,0.187,0.7,0.039,2,0.6,2.5,2835,high,600+,37.2
0.6,0.3,3.6,0.25,2.9,0.24,1,0.28,4.5,0.13,4.8,0.12,1.8,0.19,0.193,0.6,0.075,1,0.008,1.3,0.3,2,1404,high,600+,33.2
0.6,0.4,1.6,0.23,4.6,0.12,3.5,0.13,1,0.19,1.3,0.16,4.1,0.19,0.172,1.5,0.104,0.5,0.001,1.9,2.7,2.2,2625,average,600+,38.8
0.8,0.2,4.6,0.1,1.5,0.1,1.5,0.22,3.2,0.18,3.4,0.2,4.1,0.15,0.159,1.6,0.141,1.6,0.081,0.7,1.5,2.5,1512,low,600+,45.1
0.6,0.5,3.7,0.17,2.5,0.25,4.3,0.13,3.9,0.2,3.4,0.27,1.6,0.29,0.026,1.4,0.017,1.9,0.006,1.7,1.2,1.1,1624,low,600+,28.8
0.5,0.4,3.2,0.25,2.1,0.15,3.9,0.22,1.8,0.14,2.3,0.15,1.8,0.23,0.167,NA,0.129,1.3,0.069,1.6,0.2,0.1,528,low,600+,27.4
0.5,0.5,3.7,0.23,1.2,NA,1.8,0.1,3.7,0.24,1,0.12,4.3,0.22,0.196,0.9,0.159,1.8,0.061,0.7,1.4,1.3,3840,high,600+,38.6
0.7,0.3,1.1,0.17,1.9,0.22,1.9,0.19,2.3,0.26,1.9,0.2,4,0.12,0.028,1.4,0.188,2,0.095,1.4,0.4,1.5,1530,high,600+,33.8
0.6,0.2,1,0.24,1.9,NA,1.8,0.2,3.2,0.24,4.9,0.2,3.6,0.17,0.071,1.5,0.023,1.4,NA,1.1,2.4,2.1,672,low,600+,30.3
0.8,0.5,3,0.22,2.9,0.22,3.1,0.22,4.1,0.22,2.9,0.17,3.9,0.1,0.175,0.7,0.142,1.2,0.014,1.6,3,2.6,576,low,600+,41.9
0.8,0.4,4.6,0.2,3.2,0.27,1.5,0.2,3.5,0.1,4.6,NA,4.9,0.15,0.019,1.5,0.126,0.9,0.076,2,2.9,1.8,7830,high,600+,20.3
0.7,0.4,1.3,0.11,4.1,0.29,1.3,0.18,3.2,0.18,4.1,0.18,3,0.25,0.103,1.3,0.026,1.4,0.004,0.7,2.1,2.8,1056,high,600+,31.2
0.8,0.2,3.1,0.25,3.8,0.19,2.8,0.19,3.6,0.3,3,0.25,1.8,0.24,0.146,0.9,0.095,1.4,0.1,1.4,2.4,0.8,3780,average,600+,30.1
0.9,0.2,1.2,0.11,3.7,NA,3,0.24,3.1,0.29,3.9,0.11,1.4,0.19,0.198,0.5,0.155,1.4,0.077,1.9,0.6,0.3,2500,high,600+,19.7
0.8,0.4,4.1,0.13,2.2,0.28,1.2,0.13,4.4,0.27,2.8,0.15,NA,0.14,0.058,2,NA,0.6,0.009,1.2,1.2,2.3,210,low,600+,40.4
0.7,0.4,2,0.2,3.8,0.18,4.9,0.29,4.9,0.15,3.9,0.17,3.2,0.24,0.068,1.8,0.187,1.4,0.084,1.9,2.2,2.4,5800,high,600+,28.1
0.5,0.4,1.7,0.1,1.6,0.13,1,0.14,3.9,0.11,NA,0.28,4.1,0.21,0.094,1.9,0.029,1.6,0.041,0.9,0.6,0.2,1176,low,600+,37.8
0.6,0.5,2.3,0.27,1.9,0.19,1.1,0.25,3.9,0.15,4,0.19,4,NA,0.111,1.1,0.032,1,0.037,1.5,1,2.3,7020,high,600+,35.6
0.9,0.5,4.8,0.21,4.8,0.18,4.8,0.14,1.8,0.2,1,0.13,5,0.18,0.114,1.8,0.186,0.9,0.077,0.7,2,2.5,1710,high,600+,27.8
0.6,0.4,1.2,0.21,2.8,0.23,3.4,0.18,1,0.2,1.7,0.22,3.9,0.26,0.198,0.8,0.105,0.8,0.043,1.8,0.8,2.3,4860,high,600+,34.5
0.8,0.3,1.5,0.22,4.6,0.11,1.9,0.14,4.2,0.17,4.1,0.2,4.6,0.25,0.129,0.6,0.006,1.2,0.047,1.1,0.7,NA,1400,average,600+,34
0.6,0.3,2.9,0.24,1.1,0.22,4.3,0.12,4.3,0.24,4.8,0.2,4.4,0.23,0.18,1.4,0.03,1.6,0.023,1.4,1.9,2.6,3640,high,600+,37.1
0.8,0.2,4.5,0.19,3.7,0.27,1.8,0.2,4.1,0.21,4.7,0.2,1.6,0.22,0.122,1.1,0.131,0.6,0.085,0.7,1.9,2.3,1508,average,650+,32.1
0.7,0.4,3.1,0.21,2.7,0.29,3.6,0.13,3.8,0.25,1.3,0.18,4.1,0.21,0.058,1.9,0.084,1.5,0.046,1.5,0.4,2,1950,average,650+,46
0.7,0.5,1.1,0.29,2.3,0.15,1,0.18,4.6,0.14,3.5,0.21,3.8,0.3,0.173,1.6,0.185,1.5,0.049,1.4,2.4,2.7,448,low,650+,39.8
0.8,0.2,1.7,0.12,4.4,0.25,3.2,0.2,3.7,0.23,1.8,0.19,2.5,0.22,0.177,1.8,0.022,1.6,0.039,1.3,1.5,1.2,2850,average,650+,34
0.9,0.5,2.9,0.19,2.3,0.23,1.2,0.29,4.3,0.25,1.5,0.3,4.7,0.28,0.136,1.3,0.039,1.4,0.093,1.7,2.6,0.2,3360,average,650+,28.1
0.8,0.3,1.5,0.25,4,0.16,1.1,0.17,2.9,0.16,4.6,0.28,2.6,0.14,0.019,2,0.012,1.5,0.07,0.9,1.9,0.7,1300,average,650+,13
0.7,0.3,NA,0.26,3.5,0.21,4.3,0.24,3.9,0.17,4,0.3,3.8,0.17,0.193,1.9,0.127,1.8,0.05,1.3,2.5,1.6,1664,average,650+,42.2
0.7,0.5,3.4,0.21,4.1,0.27,1.7,0.16,3.5,0.12,1.2,0.13,2.9,0.25,0.13,1,0.031,1.2,0.094,1.1,0.5,2.3,2970,average,650+,43.4
0.8,0.2,2.4,0.15,2.2,0.13,3.3,0.17,3.4,0.13,1,0.14,1.3,0.23,0.147,1,0.033,0.8,0.05,1.6,1,0.3,4350,average,650+,37
0.6,0.3,1.9,0.17,4.4,0.24,2.1,0.27,1.8,0.29,4.1,0.14,3.9,0.21,0.189,1.9,0.123,1.3,0.056,0.9,0.9,0.2,1932,average,NA,42.8
0.6,0.2,3,0.23,1.3,0.19,4.6,0.13,2.5,0.27,2.3,0.12,4,0.25,0.01,1,0.052,0.7,0.027,1,0.2,0.9,4160,high,650+,43.2
0.7,0.2,2.6,0.27,4.8,0.13,2.4,0.28,2.5,0.21,3.1,0.18,2.6,0.22,0.079,1.5,0.199,0.9,0.084,1.6,1.2,2.4,3150,average,650+,31.1
0.9,0.4,1.2,0.1,1.7,0.1,1.8,0.24,4.1,0.19,4.4,0.29,3.1,0.29,0.031,1,0.156,1.5,0.038,2,0.8,2.8,609,low,650+,23.1
0.9,0.4,4.3,0.16,4.5,0.3,1.9,0.13,5,0.2,2.7,0.14,4,0.14,0.079,1.4,0.157,1.5,0.02,1.5,1.9,2.7,3900,high,650+,22.9
0.9,0.5,2.1,0.12,2.1,0.19,4.8,0.13,2.5,0.23,2,0.18,4.5,0.28,0.052,0.9,0.117,1.5,0.066,1.4,1.4,0.3,NA,low,650+,41.9
0.7,0.4,3.6,0.28,1.5,0.26,2.7,0.28,1.5,0.3,4.3,0.28,3.4,0.26,0.07,1.2,0.075,1,0.074,1.1,2.2,0.7,1740,low,650+,38.7
0.7,0.2,4.7,0.29,4.7,NA,3,NA,2.6,0.12,4.3,0.22,4,0.1,0.009,0.7,0.182,0.7,0.071,2,1,2.7,1344,average,650+,21.3
0.8,0.4,3.5,0.18,2.9,0.11,1.8,0.2,4.8,0.24,2.1,0.17,4.2,0.12,0.097,1.7,0.194,1.7,0.062,1.8,2.3,2,480,average,650+,43.9
0.8,0.4,1.5,0.18,2,0.2,1.3,0.1,3.9,0.21,1.6,0.17,3.1,0.18,0.112,0.7,0.143,1.5,0.05,1.7,1.9,1.5,2772,average,650+,31.2
0.7,0.4,4.8,0.1,3,0.24,3.8,0.13,3.2,0.22,2.1,0.24,4.1,0.17,0.15,1.9,0.191,0.9,0.093,0.7,2.9,1.1,2880,average,650+,38.5
0.8,0.4,4.6,0.12,3.9,0.15,3.6,0.19,1.8,0.26,1.3,0.26,1.7,0.2,0.099,1.1,0.048,0.7,0.043,1.7,2.9,2.1,270,low,650+,40.3
0.9,0.4,2.9,0.26,3,0.25,3.8,0.17,3.4,0.25,1.5,0.27,4.8,0.13,0.147,0.9,0.155,1.7,0.072,1.6,2.6,2.6,3900,high,650+,23.8
0.5,0.2,2.3,0.21,1.8,0.21,4.1,0.14,4.4,0.11,4.7,0.28,1.4,0.26,0.001,1.4,0.151,1.8,0.005,0.6,2,2,1950,average,650+,4.6
0.7,0.4,3.4,0.15,4.4,NA,5,0.21,1.9,0.17,4.7,0.28,1.1,0.15,0.123,1,0.184,1.8,0.09,1.3,0.9,2.9,560,low,650+,36.6
0.6,0.5,3.8,0.28,2.1,0.2,1.2,0.29,1.1,0.16,1.5,0.24,1.1,0.17,0.104,1.4,0.035,1.6,0.026,1,1,0.9,2600,NA,650+,27.5
0.7,NA,1.8,0.23,3.1,0.19,1.1,0.23,3.6,0.13,1.1,0.1,4.3,0.14,0.188,1.5,0.014,0.8,0.075,1.1,0.9,2,663,low,650+,43.1
0.6,0.3,1,0.24,1.8,0.12,4.5,0.28,2.4,0.21,1.6,0.22,2.8,0.16,0.123,0.8,0.117,1.2,0.005,1,0.9,1.6,1344,average,650+,39.7
0.6,0.5,3.3,0.19,3.9,0.27,2.5,0.3,3.3,0.21,2.2,0.28,2.9,0.29,0.188,1.1,0.088,NA,0.082,1.4,2.1,2.6,1260,average,650+,39.6
0.7,0.4,2.6,0.14,4.6,0.16,1.6,0.23,1.9,0.12,1.7,0.22,2.1,0.11,0.001,0.7,0.184,0.8,0.006,1.7,2,2.1,2500,high,650+,5
0.7,0.4,3.9,0.21,2.9,0.12,4.3,0.13,3,0.19,2.1,0.21,2.8,0.28,0.056,NA,0.089,2,0.059,1.8,1.3,1.4,1134,low,650+,44
0.8,0.4,2.8,0.23,4.6,0.11,NA,0.24,4,0.21,2.5,0.25,4.7,0.24,0.035,0.7,0.142,0.9,0.076,0.6,1.6,1.7,2808,high,650+,22.9
0.7,0.2,4.1,0.18,4.4,0.11,2.1,0.3,4.7,0.17,1.3,0.11,4.9,0.23,0.052,1.6,0.103,0.7,0.072,1.4,2,0.3,340,low,650+,45.7
0.8,0.2,4.6,0.2,4.1,0.24,NA,0.23,4.8,0.25,1.8,0.13,3.8,0.19,0.161,1.6,0.043,1.7,0.01,1,1.6,0.4,2592,average,650+,42.9
0.8,0.4,2.1,0.11,1.8,0.22,4.3,0.16,2.4,0.13,3.2,0.18,1.8,0.2,0.157,1.2,0.069,1.3,0.009,1.7,1.1,0.8,396,low,650+,36.4
0.8,0.4,2,0.17,4,0.22,4.7,0.13,3.3,0.29,1.7,0.13,1.8,0.27,0.067,1.2,0.133,1.9,0.095,1.3,2.9,2,676,low,650+,35.8
0.8,0.2,2.4,0.26,2.3,0.18,3.4,0.18,3.3,0.17,2.3,0.24,2.2,0.29,0.1,1.2,0.04,1.3,0.067,0.5,0.7,0.8,2352,average,650+,34.2
0.9,0.5,1.8,0.29,1.7,0.23,3.6,0.2,1.8,0.19,1.1,0.29,3.4,0.16,0.038,1.2,0.086,0.7,0.096,1.4,2.5,2.1,1560,average,650+,34.1
0.6,0.3,2.9,0.18,5,0.16,4,0.13,4.7,0.15,4.1,0.23,3.2,0.25,0.088,1.1,NA,1.4,0.095,1.5,1.5,1.9,616,low,650+,36.7
0.6,0.2,2.2,0.19,2.6,0.1,2.2,0.21,4.8,0.25,2.9,0.1,1.7,0.27,0.199,1.1,0.174,1.1,0.091,1.3,0.4,2.4,3944,high,650+,30.8
0.6,0.4,3.4,0.17,4.8,0.2,1.5,0.14,4.4,0.23,2.5,0.23,4.7,0.13,0.071,1.4,0.172,0.7,0.026,1.7,0.7,2,420,low,650+,38.9
NA,0.4,1.9,0.22,4.7,0.27,1.5,0.18,1.2,0.29,1.1,0.11,3.2,0.29,0.142,0.8,0.117,1.3,0.098,1.8,1.1,0.3,1820,average,650+,38.3
0.6,0.5,3.2,0.2,4,0.25,3.8,0.16,3.9,0.25,3.9,0.24,4.8,0.13,0.15,1.9,0.132,1.3,0.005,1.9,1.3,1.8,1672,average,650+,42.7
0.7,0.4,3.4,0.16,1,0.14,4.8,0.22,1.9,0.24,2.3,0.15,3.1,0.19,0.146,1.8,0.091,1.6,0.082,1,1,1.2,420,low,650+,40.3
0.7,0.4,1.3,0.2,2.2,0.2,1.7,0.12,4.8,0.23,5,NA,2,0.28,0.135,1.6,0.166,1.1,0.099,1.4,0.8,0.5,621,low,650+,41.4
0.8,0.3,2.4,0.16,3.4,0.18,3.7,0.21,1.2,0.14,2.6,0.18,4,0.11,0.086,1.3,0.094,1.4,0.099,1.1,1.8,0.4,810,low,650+,42.8
0.5,0.3,1,0.16,2.7,0.27,3.1,0.29,4.7,0.2,3.3,0.24,1,0.1,0.139,0.8,0.031,1.1,0.058,1.7,2.2,1.4,969,low,650+,33.2
0.6,NA,1.3,0.29,3.5,0.13,4.3,0.26,2.1,0.18,3.3,0.19,2.6,0.2,0.093,NA,0.095,2,0.096,0.8,0.3,0.5,1771,average,650+,37.7
0.9,0.5,1.8,0.13,3.3,0.15,3.4,0.27,2.6,0.23,4.5,0.26,4,0.24,0.089,1.4,0.196,1.3,0.082,1.9,2.9,1.2,3094,average,650+,22.4
0.7,0.3,2.2,0.14,4.5,0.22,2.9,0.28,4.9,0.14,5,0.22,2.8,0.13,0.092,1.6,0.073,1.7,0.013,1.9,2.7,0.3,816,low,700+,37.2
0.7,0.4,2,0.12,3.4,0.25,4.2,0.29,3.5,0.15,4,0.17,1,0.11,0.115,0.8,0.072,0.6,0.039,1,1.3,1,6264,high,700+,24.1
0.8,0.3,1.1,0.23,3.5,0.25,2,0.29,2.5,0.26,2,0.13,NA,0.24,NA,1.5,0.119,0.7,0.058,1.8,0.6,0.9,638,low,700+,42
0.8,0.5,4.3,0.22,4.2,0.22,1.8,0.18,4.8,0.28,1.6,0.19,2.9,NA,0.105,1.9,0.187,0.9,0.045,1.5,1.8,3,1764,low,700+,42.7
0.6,0.4,3.3,0.29,2.3,0.27,2.5,0.17,2.3,0.15,1.6,0.11,4.2,0.22,0.171,1.9,0.06,0.9,0.033,0.5,2.2,1.9,625,low,700+,33.5
0.9,0.2,3.4,0.22,3.1,0.19,3.1,0.14,3.7,0.26,2.9,0.26,3.2,0.14,0.133,0.5,0.138,0.7,0.066,1.3,0.1,2.1,3780,average,700+,35.5
0.8,0.3,1.5,0.11,2.3,0.15,1.3,0.3,2.3,0.22,2.8,0.13,2.5,0.24,0.001,1.4,0.047,1.7,0.023,1,1.8,2.6,2090,high,700+,2.8
0.6,0.5,3.3,0.13,3,0.23,1.5,0.28,NA,0.29,3.1,0.24,1.8,0.18,0.192,1.4,0.164,1.3,0.009,0.9,3,2.3,1728,average,700+,35.4
0.6,0.3,2.6,0.17,4,0.12,2,0.28,4.2,0.21,1.7,0.14,3.4,0.12,0.025,1.6,0.156,1.5,0.084,0.7,2.8,1.1,1600,high,700+,29.7
0.7,0.5,1.2,0.12,3.3,0.25,4.9,0.18,1.7,0.13,4.7,0.21,4.6,0.24,0.009,0.6,0.183,1.9,0.089,0.9,0.5,2.7,340,low,700+,2.3
0.5,0.4,4.3,0.28,4,0.23,NA,0.2,2.2,0.15,2,0.22,3.5,0.26,0.079,1.8,0.124,1.2,0.091,1.6,1.4,2.7,7290,high,700+,33.9
0.8,0.4,4.9,0.3,1.7,0.23,4.7,0.24,1.9,0.18,2,0.13,1.7,0.24,0.032,1.3,0.011,1.5,0.008,0.8,2.6,1.5,864,low,700+,33.5
0.8,0.3,1.8,0.29,1.3,0.15,NA,0.27,4.8,0.25,4.2,0.26,1.8,0.24,0.097,1.8,0.019,0.8,0.027,1.2,2.2,0.2,544,low,700+,39.7
NA,0.5,3.8,0.2,2.6,0.3,1.6,0.21,1.9,0.11,3.9,0.24,1.3,0.19,0.198,1.1,0.157,0.6,0.031,0.6,2.3,NA,1836,high,700+,28.9
0.8,0.2,4.4,0.16,1.6,0.28,3.7,0.12,4.1,0.29,1.3,0.17,2.3,0.16,0.015,2,0.138,0.8,0.018,0.8,2.1,0.9,1250,average,700+,35.8
0.5,0.5,1.7,0.16,4.5,0.2,2.9,0.24,3.6,0.15,4.2,0.2,2.8,0.12,0.112,0.7,0.17,1.9,0.08,0.5,1.9,1,6480,high,700+,25
0.9,0.5,3.6,0.14,1.3,0.28,3.9,0.1,2.6,NA,4,0.14,1.1,0.19,0.03,1.1,0.093,1.3,0.049,0.8,0.4,2,1512,average,700+,20.2
0.8,0.3,2.4,0.19,1.9,0.22,1.4,0.28,3.2,0.28,2.4,0.3,3.8,0.2,0.013,0.7,0.117,NA,0.017,2,1,1.6,1827,low,700+,38.3
0.9,0.3,2.4,0.17,3.4,0.24,4.1,0.14,3.7,0.17,4.2,0.25,2.1,0.11,0.108,1.1,0.061,NA,0.086,1.8,1.3,0.5,2600,average,700+,27.9
0.5,0.3,4.8,0.22,4.3,0.14,2.2,0.17,3.9,0.24,2.7,0.21,3.4,0.16,0.093,1.1,0.018,0.6,0.095,0.8,0.5,1,6264,high,700+,40.9
0.9,0.3,1.6,0.25,2.8,0.2,4.4,0.17,3.3,0.24,3.5,0.25,4,0.11,NA,1.7,0.182,0.9,0.019,0.7,NA,0.1,288,low,700+,41
0.5,0.2,1.4,0.16,4.7,0.25,3.9,0.17,4.9,0.21,3.3,0.21,4.8,0.22,0.018,0.7,0.144,0.9,0.079,1.2,1.9,0.5,1584,high,750+,6.4
0.6,0.3,1.7,0.23,2.1,0.23,1.4,0.12,2.5,0.14,3.3,0.14,3.4,0.11,0.165,1.2,0.062,1.4,0.046,1.3,1.5,1.6,7569,high,750+,33
0.6,0.5,4.6,0.25,4.5,0.13,2.3,0.21,2.5,0.23,4.8,0.22,4.7,0.15,0.173,1.7,0.056,1.6,0.028,1.9,1,0.4,4698,high,750+,39.7
0.7,0.5,4.9,0.15,1.7,0.21,3.2,0.15,1.4,0.25,3,0.14,2.2,0.11,0.15,0.8,0.145,1.5,0.027,0.6,2,2.8,1428,average,750+,40.8
0.8,0.5,3,0.22,1.3,0.15,4.5,0.28,2.7,0.26,4.3,0.21,3.8,0.28,0.079,0.9,0.015,1.6,0.05,1.1,2.2,0.7,1800,low,750+,37.4
0.7,0.2,4.2,0.1,4.6,0.16,1.9,0.26,4,0.29,4.7,0.3,2.5,0.24,0.023,1.6,0.099,1.2,0.044,0.5,0.6,NA,6075,high,750+,23.8
0.7,0.3,3.4,0.17,3.4,0.27,4.1,0.3,3.3,0.16,3.5,0.18,2.1,0.19,0.007,1.1,0.046,1.5,0.072,1.7,2.9,2.8,2772,average,750+,6.4
0.9,0.3,4.5,0.12,3.8,0.13,2.2,0.12,4.6,0.14,3.3,0.23,2.2,0.16,0.073,1.5,0.019,0.7,0.047,1.4,2.2,1.1,2730,high,750+,25.4
0.5,0.5,4.3,0.25,2.3,0.21,NA,0.26,4.3,0.11,2.2,0.22,2,0.28,0.009,2,0.093,0.9,0.007,1.4,2.7,0.1,1392,low,750+,33.3
0.5,0.3,2.7,0.24,4.4,0.22,4.8,0.17,3.3,0.29,4.1,0.16,3.7,0.2,0.134,1.7,0.185,1.1,0.045,1.4,1,2.2,945,low,750+,37
0.6,0.3,5,0.19,4.6,0.3,4.5,0.16,3.6,0.24,2.9,0.26,4.5,0.29,0.073,0.8,0.113,1.2,0.066,0.8,0.7,2.9,5040,average,750+,38.1
0.6,0.5,4.1,0.12,3.3,0.13,3.1,0.23,2.5,0.2,2.2,0.21,4.3,0.14,0.05,1.8,0.137,0.9,0.09,1.6,2.3,1.1,2200,high,750+,35.4
0.7,0.4,1.2,0.2,4.6,0.24,2.7,0.13,3.7,0.28,1.9,0.24,4.4,0.13,0.04,1.4,0.198,NA,0.089,0.9,2.9,0.4,1482,average,750+,27.5
0.9,0.5,1.9,0.27,2.6,0.28,1.6,0.12,2.7,0.22,3.9,0.2,3.7,0.12,0.169,1.8,0.039,0.9,0.029,1.4,2.1,1.4,1305,low,750+,38
0.7,0.4,2.1,0.22,1.2,NA,4.3,0.24,1.1,0.18,1.4,0.21,2.5,0.22,0.11,1.7,0.048,1.6,0.028,1.4,1,0.6,864,low,750+,41.6
0.8,0.2,4.6,0.23,3,NA,3.6,0.17,4.3,0.12,4.4,0.26,1.6,0.28,0.106,1,0.184,1.7,0.056,0.7,2.4,1.9,1508,low,750+,32.1
0.8,0.3,2.2,0.12,4.1,0.29,3.3,0.23,1.3,0.24,3.7,0.29,2.4,0.26,0.185,1.5,0.184,0.6,0.02,0.6,1.2,2.6,1800,high,750+,30.5
0.6,0.2,1.6,0.18,3.2,0.16,1.7,0.21,1.1,0.13,3.7,0.22,2.4,0.13,0.179,1.8,0.077,0.7,0.009,1.5,1.4,1.4,960,average,750+,39.6
0.8,0.4,2.3,0.15,2.6,0.3,2.7,0.14,3.2,0.1,1.6,0.17,3,0.3,0.031,1.9,0.126,1,0.047,1.5,2.7,1.3,3500,average,750+,28.9
0.9,0.4,4.5,0.18,1.6,0.26,4.6,0.2,2.8,0.25,3.3,0.26,3.8,0.25,0.05,1.4,0.012,1.2,0.083,1.4,2.8,1.4,2622,average,750+,26.8
0.6,0.3,2.3,0.2,2,0.22,2.2,0.3,5,0.25,4,0.19,4.4,0.13,0.086,2,0.178,1.9,0.044,0.9,2.9,1.3,768,average,750+,42.4
0.8,0.5,3.7,NA,1.3,0.28,1.7,NA,1.8,0.3,NA,0.29,2.3,0.28,0.101,1.2,0.073,1.4,0.072,1.1,0.9,1,3168,high,750+,36.8
0.7,0.4,2.9,0.19,1.9,0.24,3.8,0.27,1.5,0.11,3.4,0.16,1.2,0.21,0.022,1.6,0.171,1.5,0.069,1.5,2,1.8,1122,average,750+,23.4
0.7,NA,1.7,0.23,3.4,0.2,3.4,0.23,3.1,0.2,2.7,0.3,1.6,0.1,0.139,0.8,0.188,1.5,0.067,1.5,1.1,0.8,2622,average,750+,33.7
0.8,0.4,2.6,0.13,1.8,0.25,2.6,0.17,4.8,0.21,3.8,0.25,2.5,0.19,0.079,1.1,0.126,1.9,0.007,1.3,2.5,1.9,1296,high,750+,29.1
0.8,0.3,2.2,0.21,4.5,0.27,2.7,0.19,2.8,0.15,2.9,0.12,2.7,0.2,0.139,2,0.139,1,0.027,1,1.9,0.3,520,low,750+,41.5
0.5,0.2,NA,0.18,4.3,0.12,4.7,0.23,2.2,0.16,2.3,0.25,4.1,0.23,0.108,0.6,0.013,1.4,0.096,2,2.8,2.5,3344,high,750+,34.9
0.6,0.3,4.6,0.2,2.4,0.24,3.2,0.11,3.5,0.27,3.1,0.16,3.8,0.17,0.06,1.8,0.186,1.8,0.062,1.4,2.9,1.3,3200,high,750+,32.6
0.9,0.2,4.4,0.2,1.1,0.19,4.3,0.25,2.3,0.19,4.9,0.11,5,0.18,0.062,0.7,0.189,2,0.036,1,2,1.8,3300,average,750+,30.3
0.8,0.3,4.8,0.16,1.4,0.2,1.5,0.11,1.9,0.15,3.4,0.23,1.2,0.26,0.055,1.2,0.186,1.1,0.085,0.6,0.2,1.3,2940,high,750+,31.8
0.8,0.3,4,0.21,1.7,0.19,2.4,0.12,4.5,0.22,NA,0.12,4.5,0.11,0.007,1.6,0.12,1.8,0.042,2,2.4,1.4,910,average,750+,41
0.8,0.5,2.1,0.2,1.8,0.28,2.7,0.25,1.7,0.1,3,0.13,4.3,0.25,0.011,1.6,0.034,1.1,0.082,0.6,1.3,0.2,3450,average,750+,26.5
0.8,0.3,3.8,NA,3.8,0.24,3.9,0.16,1.2,0.19,2.2,0.28,2.6,0.18,0.144,1.7,0.021,0.9,0.077,1.9,1.4,3,484,low,750+,40.7
0.5,0.4,2.8,0.1,2.6,0.15,1.1,0.23,3.5,0.17,2.4,0.11,2.1,0.11,0.063,1.8,0.052,1.3,0.017,0.9,2.8,1.9,1368,average,750+,38
0.8,0.4,4.5,0.11,3.9,0.11,2.9,0.26,4,0.26,4,0.17,4.1,0.21,0.175,0.8,0.017,1.1,0.067,1.5,0.3,2.4,600,average,750+,44.7
0.8,0.3,2.1,0.12,2.7,0.29,2.3,0.19,2.1,0.17,1.4,0.16,1.4,0.11,0.182,1.8,0.015,0.5,0.038,0.6,0.9,1,2750,high,750+,32.5
0.9,0.5,NA,0.29,1.5,0.28,1.7,0.17,1.9,0.11,4.5,0.22,1.1,0.15,0.149,0.8,0.037,1.1,0.019,1.2,2.6,1.1,1520,high,750+,19.8
0.5,0.3,3.2,0.12,4.1,0.2,4,0.22,1.6,0.27,3.5,0.21,4.2,0.16,0.046,1,0.127,1.2,0.073,1.6,0.9,0.1,384,low,750+,37.1
0.6,0.3,2.1,0.21,3.9,0.24,3.2,0.18,2.9,0.22,4.2,0.1,4,0.3,0.062,1.7,0.087,1.3,0.054,1.9,0.7,2.8,4200,average,750+,34.5
0.6,0.3,4.6,0.19,1,0.19,1.8,0.19,4,0.13,3,0.29,1.3,0.25,0.044,1.9,0.196,1.8,0.091,1.8,0.6,2.1,2340,average,750+,43.1
0.8,0.5,2.2,0.12,3.9,0.17,4.7,0.12,1.4,0.16,1.9,0.16,3.1,0.28,0.08,1.3,0.045,1.4,0.069,1.2,2.9,2.1,2800,NA,750+,27.2
0.6,0.3,1.2,0.23,4.9,0.2,3.2,0.12,2.8,0.3,2.9,0.29,1.8,0.14,0.068,1.1,0.186,1.5,0.083,1.5,2.7,2.7,3360,high,750+,22.5
0.8,0.2,1.9,0.11,1.2,0.22,3.3,0.24,2.2,0.22,3.5,0.18,1.4,0.16,0.185,0.7,0.148,0.6,0.018,1.3,1.7,2.2,1564,average,750+,34.4
0.9,0.4,3.1,0.2,5,0.26,2.5,0.14,2.8,0.18,3.7,0.12,2,0.13,0.104,1,NA,1.4,0.071,1.1,2.9,0.8,3600,high,750+,22.5
0.6,0.3,3.1,0.1,2.6,0.17,3.9,0.11,1.6,0.11,1.2,0.29,2.8,0.12,0.021,1.7,0.179,0.8,0.013,2,1,1.5,660,low,NA,40
0.6,0.4,4.3,0.16,3.9,0.12,4.8,0.28,1.1,0.25,4.5,0.26,4.1,0.23,0.122,1.2,0.171,1.8,0.048,1.4,2,0.9,2380,average,750+,38.6
0.8,0.5,1.7,0.11,2.9,0.23,4.2,0.12,3.6,0.16,4.9,0.25,NA,0.11,0.156,0.7,0.106,1.1,0.064,0.7,1.7,1.6,864,low,750+,32.5
0.6,0.2,2.8,0.14,1.3,0.15,2.6,0.17,2,0.29,3.4,0.14,3.1,0.25,0.028,1.9,0.167,1.8,0.058,0.8,1.8,2.7,1392,average,750+,39.4
0.6,0.5,1.4,0.18,4.5,0.28,3.2,0.28,2.1,0.25,4.5,0.25,1.5,0.1,0.016,1.6,0.17,0.6,0.008,1.2,2.1,1.7,7047,high,750+,5.3
0.6,0.4,3.6,0.15,2.3,0.22,2.9,0.26,3.7,0.22,4.8,0.26,4.1,0.29,0.168,0.8,0.075,0.8,0.096,2,0.8,2.7,1610,average,750+,43.6
0.9,0.5,4,0.2,3.4,0.13,2.8,0.17,4.3,0.1,4.4,0.13,NA,0.23,0.049,1.6,0.123,1.7,0.069,0.9,NA,1.5,3510,average,750+,29.3
0.6,0.3,4.7,0.16,3.5,0.11,2.5,0.29,3.2,0.24,4.8,0.16,1.7,0.26,0.058,1.9,0.016,1.1,0.087,1.4,0.2,1.9,1650,average,750+,39.6
0.6,0.4,2.7,0.17,3.5,0.14,2.6,0.16,1.3,0.12,4.5,0.12,3.1,0.21,0.024,1.9,0.038,1.5,0.044,0.7,1.8,1.5,3120,average,750+,28.4
0.8,0.4,1.5,0.25,4,0.23,2.4,0.19,4.5,0.24,4.8,0.3,1.5,0.28,0.106,0.5,0.048,1.5,0.047,1.5,0.4,0.6,7560,high,750+,17.8
NA,0.2,2.2,0.22,NA,0.16,4.1,0.26,3.6,0.12,3.9,0.23,4,0.19,0.189,1.8,0.057,1.9,0.077,0.9,2.9,1.2,5684,average,750+,37.5
0.5,0.2,2.9,0.27,2.9,0.2,3.2,0.12,2.5,0.2,2,0.11,4.2,0.27,NA,1.4,0.184,0.5,0.002,NA,2.5,2.6,3120,high,800+,37.3
0.9,0.3,4.4,0.16,1.5,0.14,3.5,0.19,2,0.3,4.7,0.3,NA,0.23,0.076,1.5,0.026,1.8,0.061,0.7,2.2,0.7,600,low,800+,33.2
0.7,0.3,3.9,0.26,4.8,0.18,2.1,0.21,2.1,0.28,4.1,0.25,4.3,0.19,0.123,1.9,0.072,0.8,0.034,2,2,1.7,918,low,800+,39
0.7,0.3,4,0.22,3.3,0.22,3.6,0.13,4.6,0.1,1.5,0.15,1.5,0.2,0.106,2,0.093,0.9,0.096,0.9,0.5,1.6,2349,low,800+,45.3
0.9,0.2,3.2,0.29,4.2,0.24,2.6,0.18,4.1,0.3,4.2,0.3,3.4,0.17,0.198,0.7,0.097,1.7,0.055,1.5,0.9,2.2,1568,average,800+,27
0.9,0.3,4.1,0.15,1.4,0.17,1.1,0.25,1.5,0.25,2.7,0.3,2.7,0.23,NA,1.9,0.027,1.6,0.067,1.8,0.6,0.4,2432,high,800+,39.1
0.6,0.5,3,0.15,2.1,0.27,3.8,0.12,3.8,0.19,2.8,0.3,3.4,0.12,0.014,1.9,0.125,1.3,0.037,1,1.6,0.7,5940,high,NA,29.4
0.7,0.3,4.6,0.11,2.3,0.12,2.9,0.14,3.2,0.14,1.4,0.11,3.6,0.13,0.191,1.7,0.062,1.7,0.024,1.7,2.7,2.7,2080,high,800+,38.2
0.7,0.4,2.7,0.21,4.9,0.18,3.4,0.25,3,0.29,NA,0.14,4.5,0.11,0.021,0.6,0.087,1.8,0.059,1.4,1.5,2.6,1450,average,800+,20.4
0.7,0.3,3,0.22,4.6,0.25,3.2,0.14,3.6,0.2,1.3,0.17,2.4,0.12,0.113,0.7,0.079,0.8,0.007,0.6,1.5,2.9,2625,average,800+,33.2
0.7,0.4,2.3,0.28,2.7,0.18,4.4,0.14,3.9,0.29,1.7,0.28,4.7,0.1,0.186,1.4,0.004,1.2,0.003,1.1,0.1,1.7,2688,high,800+,43
0.8,0.5,3.3,0.17,4.4,0.27,1.8,0.13,1.1,0.16,4.3,0.24,2.7,0.29,0.158,1.2,0.019,1.1,0.03,1.5,2.7,2.2,350,low,800+,38.9
0.5,0.4,3.6,0.25,1.2,0.24,1.9,0.12,3.4,0.2,1.7,0.29,2.2,0.3,0.044,1.8,0.079,1.6,0.056,1,1.4,2.1,576,low,800+,35.2
0.8,0.4,3.7,0.25,1.4,0.29,2.7,0.29,1,0.19,3.6,0.13,2.7,0.28,0.157,1.9,0.172,0.6,0.02,0.8,1.2,2,2880,high,800+,35.3
0.5,0.2,1.9,0.12,4.2,0.16,3.4,0.12,2.8,0.28,4.5,0.24,4,0.13,0.037,1.8,0.113,1.7,0.046,1.2,2,2,609,low,800+,34
0.7,0.2,1.4,0.26,3.1,0.27,NA,0.19,4.4,0.16,1.1,0.27,3.1,0.13,0.004,1.1,0.034,1.5,0.059,2,1.3,2.2,3240,high,800+,26.1
0.6,0.4,2.7,0.13,2.8,0.18,1.4,0.29,4,0.29,3.1,NA,2.3,0.23,0.058,NA,0.169,1.6,0.057,0.7,1.1,0.9,1224,low,800+,37.5
0.7,0.2,3.2,0.22,1.6,0.29,2.6,0.21,4.6,0.24,4.2,0.11,1.2,0.22,0.097,1.7,0.111,1.4,0.035,0.9,1.4,1.9,348,low,800+,40.4
0.8,0.2,3.4,0.23,1.5,NA,3,0.18,2.4,0.27,3.1,0.26,1.2,0.23,0.086,1.1,0.161,0.9,0.009,0.6,0.4,2.4,2470,high,800+,20.9
0.6,0.3,1.4,0.11,3,0.17,1.7,0.28,1.4,0.24,4.1,0.19,2.2,0.12,0.165,1.6,0.013,0.7,0.073,1.8,2.7,2.2,4590,high,800+,32.3
0.5,0.5,2,0.16,3.2,0.11,1,0.19,1.3,0.27,1.2,0.12,4.1,0.21,0.058,0.7,0.173,1.9,0.069,1.6,1.1,0.3,3249,high,800+,40.5
0.6,0.4,1.1,0.29,4.1,0.16,1.7,0.21,1.8,0.24,3.9,0.2,1.3,0.14,0.131,0.9,0.115,1.1,0.034,0.6,2.4,0.5,2880,high,800+,28.2
0.8,0.2,4,0.21,2.2,0.12,2.4,0.12,3.8,0.12,1,0.18,4.3,0.2,0.116,1.6,0.162,1.2,0.096,1.7,2.8,NA,1170,average,800+,39.8
0.5,0.4,4.9,0.14,1.5,0.24,2,0.28,3.8,0.19,1.4,0.2,2.8,0.21,0.183,1.5,0.041,0.9,0.069,1.8,3,0.4,1584,average,800+,46.2
0.8,0.3,2.1,0.14,3,0.27,2.7,0.25,3,0.22,2.1,0.13,1.3,0.12,0.003,1.4,0.014,1.3,0.073,0.6,1.6,2.3,3024,high,800+,2.7
0.8,0.5,1.4,0.2,3.7,0.29,4.9,0.12,3.2,0.27,3,0.17,2.4,0.26,0.135,0.9,0.094,1.2,0.01,1.8,2.1,2.5,320,low,800+,35.5
0.7,0.3,3.6,0.16,2.6,0.29,2.2,0.25,4.9,0.28,2.8,0.24,3.3,0.2,0.126,0.8,0.021,1.3,0.016,2,2.8,0.5,630,NA,800+,38.9
0.6,0.4,1.6,NA,1.1,0.22,4.2,0.19,3.9,0.28,3.3,0.2,1.2,0.23,0.061,1.2,0,1.2,0.073,1.2,2.5,1.1,110,low,800+,25.4
0.8,0.3,1.2,0.25,4.2,0.11,1.6,0.16,1.7,0.13,1.3,0.26,3.7,0.21,0.168,1.4,0.11,1.6,0.004,0.5,1.7,0.7,1170,high,800+,34.6
0.6,0.5,3.2,0.17,1.3,0.28,1.2,0.21,1.9,0.16,2.6,0.16,4.4,0.11,0.11,0.7,0.127,1.1,0.084,1.2,2.7,1.7,2400,average,800+,40
0.6,0.5,3.2,0.15,1.8,0.2,2.8,0.18,2.4,0.26,1,0.16,4.8,0.3,0.14,1.7,0.088,0.8,0.018,0.8,0.8,0.2,3059,average,800+,45.7
0.7,0.4,2.7,0.25,4.9,0.16,3.1,0.22,1.6,0.24,4.9,0.28,3.4,0.29,0.051,0.7,0.025,NA,0.025,1.2,2.6,1.6,3510,high,800+,15.8
0.7,0.3,NA,0.16,4.9,0.16,3.1,0.24,1.6,0.28,5,0.24,1.6,0.21,0.122,2,0.193,1.2,0.097,1.8,0.8,1.5,756,low,800+,38.6
0.8,0.4,1.2,0.22,4.3,0.24,2.7,0.22,2.1,0.27,4.1,0.17,2.6,0.13,0.194,1.4,0.009,2,0.08,1.5,2.5,0.5,2142,average,NA,35
0.8,0.4,2.1,0.19,2.2,0.15,2.1,0.19,2.7,0.14,NA,0.13,2.2,0.19,0.133,0.5,0.126,1.9,0.043,1.5,1.2,1.3,1700,average,800+,39.9
0.9,0.5,1.3,0.22,3.8,0.29,2.3,0.23,3.4,0.13,4,0.22,3.2,0.16,0.016,1.8,0.029,1,0.033,1.1,0.6,1.7,1296,high,800+,15.1
0.5,0.3,3.2,0.25,3.5,0.17,2.3,0.3,1.6,0.19,3.2,0.25,3.3,0.23,0.106,1.5,0.019,1.4,0.018,1.8,1.6,0.8,1760,average,800+,40.5
0.7,0.5,1.5,0.27,4.9,0.23,3.2,0.28,1.9,0.18,3.5,0.15,2.3,0.23,0.017,1.1,0.011,2,0.008,1.2,0.2,2.3,NA,average,NA,10.6
0.9,0.3,3,0.12,3.6,0.29,2.7,0.11,2.7,0.23,3,0.18,4.6,0.18,0.116,1.2,0.088,1.4,0.093,2,0.2,2.1,231,low,800+,44.4
0.6,0.4,1.9,0.24,2.1,0.15,2.7,0.11,3.4,0.18,2.1,0.18,1.3,0.27,0.097,1.8,0.047,1.2,0.093,0.8,1.1,1.3,NA,low,800+,39.5
0.7,0.2,2.9,0.21,3.8,0.25,2,0.28,1.5,0.22,2.4,0.3,1.8,0.21,0.056,0.7,0.19,1.1,0.087,0.6,2.4,2,1848,low,800+,27.2
0.9,0.4,2.7,0.17,2,0.23,2.2,0.15,3.2,0.25,2,0.2,1,0.29,0.055,0.8,0.177,1.7,0.037,0.7,0.1,1,1100,high,800+,11.9
0.6,0.5,2.3,0.22,1.9,0.15,3.1,0.26,2.2,0.14,2.8,0.17,2.5,0.13,0.009,0.9,0.097,1.6,0.018,1.3,1.3,0.6,3045,average,800+,18.1
0.7,0.3,4.8,0.22,3.2,0.22,4.3,0.14,3,0.15,4.8,0.28,1.9,0.17,0.166,1,0.147,1.7,0.072,1.5,1,1.6,1440,high,800+,37
0.8,0.4,1.9,0.24,3.9,0.12,2.8,0.21,2.7,0.27,2.3,0.18,3.8,0.18,0.041,0.6,0.144,0.8,0.069,0.8,1.5,2.3,2277,high,800+,20.6
0.9,0.5,3.3,0.22,2,0.18,1.4,0.14,3.8,0.27,4,0.29,4.7,0.14,0.063,1.3,0.149,1.9,0.078,1.7,1.2,2.4,2550,average,800+,32.4
0.6,0.2,2.2,0.28,2.5,0.25,3.8,0.22,4.8,0.29,2.7,0.29,4.7,0.17,0.02,1.8,0.114,0.9,0.042,NA,2,3,624,low,800+,39.9
0.8,0.4,1,0.23,3.8,0.17,4.5,0.22,4.7,0.14,1.8,0.21,4.2,0.12,0.035,0.8,0.037,0.8,0.073,1.9,2.8,1.7,1404,low,850+,24.8
0.9,0.5,2.8,0.29,1.2,0.13,2.1,0.24,1.2,0.15,2.3,0.18,4.4,0.22,0.102,1.7,0.093,1.5,0.049,1.5,1.5,1.3,1300,low,850+,45.6
NA,0.4,2.3,0.29,1.3,0.12,4.7,0.25,4.4,0.2,2.5,0.24,4.4,0.23,0.087,1.5,0.119,1.5,0.035,0.6,0.5,0.7,924,low,850+,39.1
0.8,0.4,3.7,0.12,3.6,0.18,4.5,NA,4.4,0.18,2.1,0.11,3.2,0.15,0.197,0.7,0.055,1.3,0.066,1,0.6,1.3,1440,low,850+,43.9
0.8,0.2,4.3,0.26,2.7,0.11,4.2,0.18,4.9,0.11,3.7,0.12,3.6,0.28,0.038,1,0.064,0.6,0.098,1.8,0.4,2.1,2660,average,850+,42.8
0.5,0.3,3.6,0.27,1.5,0.19,4.7,0.27,1.5,0.12,3,0.25,2.3,0.12,0.1,1.8,0.073,0.7,0.03,1.5,0.9,0.9,1920,average,850+,39.4
0.6,0.4,1.1,0.25,4.5,0.3,4.4,0.28,1.9,0.1,3.2,0.19,1.1,0.18,0.004,1.1,0.19,0.9,0.002,1.3,3,0.3,2520,average,850+,3.7
0.7,0.3,3.5,0.18,NA,0.2,2.1,0.16,1.1,0.21,3.8,0.21,2.2,NA,0.168,1,0.114,1.4,0.039,1.7,2.2,1,1045,average,850+,39.2
0.7,0.3,4.1,0.19,3.2,0.3,3,0.17,4.7,0.29,2.4,0.22,2.5,0.22,0.166,1,0.046,1.2,NA,1,2.2,1.6,432,low,850+,40.8
0.7,0.4,3.5,0.28,4.6,0.25,2.4,0.17,4.8,0.17,1.2,0.11,3,0.3,0.119,1.9,0.115,1.1,0.03,1.2,2.7,0.4,5040,high,850+,32.9
0.9,0.5,3.6,0.28,4.6,0.12,3.2,0.12,2.6,0.16,2.6,0.3,2.9,0.28,0.083,0.6,0.148,1.1,0.054,1,2.1,0.2,540,low,850+,32.3
0.6,NA,4.4,0.17,2.9,0.14,1.4,0.24,3.4,0.25,3.7,0.18,5,0.13,0.051,1.1,0.17,1.3,0.026,NA,2.6,1.8,2808,average,850+,39.2
0.7,0.2,3,0.23,1.6,0.21,3.4,0.13,3,0.17,2.6,0.19,3.2,0.27,0.108,1.6,0.088,0.7,0.063,0.8,0.6,1.6,1344,low,850+,35.2
0.7,0.4,4.2,NA,4.5,0.13,NA,0.29,1.8,0.11,2.8,0.13,2.2,0.26,0.146,0.7,0.112,0.8,0.08,0.5,2.1,1.5,1875,low,850+,35.1
0.6,0.3,3.8,0.18,2.1,0.21,1.8,0.28,1.7,0.15,2,0.27,1.7,0.11,0.029,1.8,0.057,0.6,0.07,1.8,0.4,0.5,1840,average,850+,41.6
0.7,0.4,4.8,0.26,2.1,0.16,4.8,0.14,4.9,0.11,3.9,0.17,1.2,0.14,0.152,1.6,0.003,0.7,0.009,0.8,2.5,1.5,2079,average,850+,38.3
0.8,0.3,2.3,0.2,4.3,0.28,3.1,0.19,1.3,0.16,3.2,0.21,2.6,0.29,0.188,0.6,0.176,1,0.092,1.2,2.3,2.3,340,low,850+,32.9
0.8,0.3,2.3,0.11,1.1,0.23,3,0.13,2.6,0.15,1.6,0.29,3.3,0.15,0.12,1.9,0.123,0.5,0.047,1.1,2.5,0.8,360,low,850+,42.1
0.8,0.5,2.4,0.23,3.6,0.27,2.6,0.28,3,0.22,1.7,0.27,3.6,0.15,0.183,1.3,0.034,1.1,0.01,1.3,0.9,0.4,1820,average,850+,41.7
0.5,0.3,4.4,0.24,3.7,0.15,1.6,0.17,1,0.18,2.5,0.27,1.1,0.23,0.145,1.5,0.068,0.5,0.054,1.1,2.2,2.9,576,average,850+,34
0.8,0.5,3.1,0.17,1.7,0.2,3,0.17,NA,0.21,4.8,0.16,3.6,0.16,0.189,1.4,0.03,0.9,0.015,0.8,0.2,2.2,NA,average,850+,45.4
0.6,0.3,3.7,0.21,2.1,0.22,2.9,0.29,2.8,0.24,3.7,0.23,4.6,0.17,0.033,1.4,0.147,1.7,0.07,0.8,2.1,1.3,2496,high,850+,38.6
0.5,0.5,3.5,0.29,2.5,0.18,2.9,0.22,2.4,0.29,4.5,0.15,4.4,0.15,0.075,1.7,0.13,1.1,0.064,1.2,2.5,1.8,3150,average,850+,36.9
0.8,0.3,5,0.27,3.7,0.28,3.4,0.26,4.2,0.27,4.8,0.15,1.4,0.21,0.076,1,0.169,1.4,0.005,1.7,1.1,2.2,8400,high,850+,20.1
0.8,0.4,4.6,0.16,3.2,0.14,4.6,0.16,1.5,0.11,2.6,0.18,2.3,0.14,0.186,1.1,0.025,1.5,0.014,1.1,1.3,1.4,198,low,850+,34.6
0.9,0.5,2.3,0.12,1.1,0.13,1.8,0.22,2.9,0.21,4.5,0.25,4.4,0.3,0.121,0.7,0.088,2,0.025,1.8,2.4,2.9,2142,high,850+,26.4
0.7,0.2,1.3,0.19,2,0.23,4.2,0.17,1.9,0.26,2.8,0.21,4.5,0.13,0.172,1.7,0.102,0.7,0.063,1.4,2.8,0.3,1848,average,850+,41.3
0.8,0.4,2.9,0.21,4,0.18,1.2,NA,3.3,0.17,2.6,0.28,4,0.12,0.073,1,0.199,0.8,0.012,1.9,2,1.6,396,low,850+,40.2
0.9,0.4,1.4,0.24,1.9,0.27,4.6,0.22,3.6,0.13,4.1,0.28,4.9,0.15,0.005,0.5,0.121,1.7,0.031,1.5,0.7,1.5,3000,high,850+,3.4
0.8,0.4,4,0.12,4.9,0.12,4.7,0.21,1.1,0.12,4.1,0.23,2,0.24,0.04,1,0.173,0.6,0.018,0.9,2.6,2.7,2730,average,850+,20.8
0.8,0.4,2.4,0.12,3.6,0.3,4.2,0.11,3.9,0.22,4.2,0.16,1.7,0.13,0.13,1,0.04,0.9,0.063,1.9,1.1,1.1,308,low,850+,39.2
0.6,0.2,3.6,0.26,3.2,0.16,4.3,0.29,2.1,0.21,2.1,0.13,3.4,0.23,0.073,1.1,0.106,0.9,0.052,1,0.2,1.5,1530,high,850+,40.8
0.8,0.4,3.7,0.13,1,0.23,4.8,0.26,3.8,0.19,2.4,0.27,2.7,0.22,0.134,1.8,NA,0.6,0.031,1.6,2,3,1508,low,850+,45
0.5,0.3,2,0.27,1.3,0.25,1.8,0.25,3.9,0.14,1.4,0.12,4.4,0.29,0.164,1.6,0.032,1.3,0.055,1,0.7,0.6,2352,NA,850+,45.8
0.5,0.4,4.9,0.25,4.7,0.11,2.7,0.15,3.5,0.14,2.3,NA,3.6,0.29,0.13,0.9,0.035,1.2,0.019,1.7,0.3,2.4,850,low,850+,19.7
0.5,0.4,2.4,0.21,NA,0.29,1.8,0.22,3.2,0.26,1.4,0.14,NA,0.13,0.129,1.1,0.098,0.5,0.068,1.7,2.1,0.5,5880,high,850+,33.2
0.8,0.5,1.9,0.14,1.6,0.26,4.3,0.29,4.1,0.25,3.8,0.25,1.2,0.25,0.163,1.2,0.055,1.1,0.022,1.1,2,0.7,418,low,850+,37.9
0.5,0.2,2.5,0.25,2.9,0.25,2.1,0.16,4.8,0.12,3.6,0.24,1.6,0.17,0.179,0.5,0.037,0.8,0.056,0.6,2.4,2.3,2646,average,900+,31.7
NA,0.4,2.9,0.18,2.9,0.28,4.8,0.15,1.7,0.2,1.7,0.27,4.1,0.28,0.146,1.9,0.175,1.4,0.049,NA,0.4,2.1,1430,average,900+,43.9
0.7,0.4,3.5,0.24,2.5,0.13,1.9,0.2,1.2,0.3,2,0.18,2.6,0.21,0.018,0.7,0.088,0.9,0.072,1.5,0.8,2.4,630,low,900+,40.5
0.6,0.3,2.5,0.25,4.1,0.1,2.3,0.11,1.8,0.2,4.8,0.23,3.7,0.3,0.019,1.8,NA,0.8,0.021,1.8,2.3,0.8,2625,average,900+,22.2
0.6,0.2,2.2,0.22,3,0.23,4.2,0.11,1.5,0.19,1.2,0.11,2.2,0.11,0.151,1.5,0.126,0.5,0.045,0.6,2.6,2.4,364,NA,900+,31.1
0.9,0.4,2.2,0.2,4.3,0.19,3.7,0.22,2.6,0.14,4.7,0.23,1.1,0.19,0.095,1.1,0.164,1.5,0.005,0.7,2,1.6,6900,high,900+,12.9
0.5,0.4,3.6,0.26,1.8,0.28,4.7,0.29,1.9,NA,3.9,0.21,1.7,0.13,0.119,1.8,0.182,1.5,0.031,1.7,0.7,1.8,2912,average,900+,41.1
0.6,0.5,2.4,0.11,1.5,0.13,3.9,0.17,1.2,0.23,1.1,0.3,4.2,NA,0.14,1.1,0.062,1.6,0.07,1.8,1.1,NA,684,low,900+,35.2
0.8,0.5,3.9,0.17,2.1,0.16,4.2,0.13,2.1,0.14,1.6,0.17,3.4,0.28,0.002,2,0.139,1.9,0.031,1,0.8,3,144,low,900+,27
0.5,0.5,2.4,0.29,3,0.14,1.7,0.25,3.2,0.22,3.7,0.16,4.2,0.25,0.037,0.6,0.157,0.7,0.031,1,2.5,2,1764,low,900+,28.3
0.7,0.2,4,0.25,1.5,0.15,1.5,0.14,4.4,0.27,4,0.26,2.3,0.14,0.058,0.8,0.196,1.9,0.033,1.7,1.7,1.5,1936,high,900+,35.7
0.6,0.5,2,0.22,2.1,0.25,3.9,0.15,4.1,0.14,4,0.16,3.7,0.12,0.123,1.9,0.126,0.9,0.077,0.7,2.9,2.6,1040,average,900+,42
0.8,0.4,1.5,0.29,4.6,0.18,4.5,0.13,3.5,0.22,4.8,0.29,3.1,0.2,0.072,1.3,0.118,1.3,0.076,1,2.7,0.3,1840,average,900+,28.4
0.7,0.3,4.6,0.14,2.7,0.25,4.7,0.27,1.5,0.3,3.1,0.27,3.9,0.18,0.192,1,0.068,0.5,0.042,1.8,0.6,0.6,364,low,900+,28.4
0.5,0.4,4.3,0.23,3.7,0.28,2.5,0.13,3.8,0.27,2.6,0.22,1.6,0.28,0.024,1.4,NA,1.4,0.037,1.9,1,1.4,1547,average,900+,33.9
0.6,0.3,2.6,0.19,3.9,0.24,4.1,0.26,2.2,NA,2.5,0.25,1.2,0.13,0.19,0.8,0.094,1.6,0.045,1.2,2.6,0.8,1596,average,900+,35.5
0.5,0.3,1.8,0.28,1.7,0.19,1.7,0.16,3.3,0.28,4.1,0.15,3.5,0.2,0.016,1.6,0.096,1.8,0.024,2,1.5,2.7,624,low,900+,29.6
0.5,0.5,4,0.29,2.2,0.15,3.6,0.21,4.3,0.15,3.5,0.21,NA,0.14,0.018,1.1,0.094,1.6,0.011,NA,2.8,2.2,4930,high,900+,31.5
0.7,0.5,3.5,0.26,1.5,0.14,2.8,0.24,1.4,NA,1.3,0.22,1.2,0.24,0.051,0.6,0.045,1.6,0.099,1.5,1.7,2,NA,high,900+,26.1
0.5,0.4,4.7,0.11,4.7,0.13,4.1,0.13,2.6,0.27,1.7,0.18,1.2,0.13,0.144,1.9,0.035,0.8,0.042,1,0.4,0.1,360,low,900+,16.5
0.7,0.4,2.3,0.26,3,0.14,3.6,0.21,2,0.2,2.4,0.27,1.8,0.14,0.158,1.7,0.053,0.5,0.078,2,0.8,1.6,3915,high,900+,37.7
0.9,0.3,1.3,0.19,3.4,0.19,4.2,0.15,2.9,0.2,4.7,0.13,4.1,0.1,0.162,1.2,0.119,1.7,0.094,0.7,2.9,2.8,1224,average,900+,30.8
0.7,NA,4.6,0.29,3.2,0.16,2.5,0.18,4.3,0.19,1.4,0.21,4.4,0.16,0.022,1.6,0.019,1.3,0.08,0.9,2.8,0.2,5376,high,900+,31.9
NA,0.5,1.3,0.22,1.6,0.27,3.8,0.17,1.8,0.23,1.2,0.22,1.3,0.2,0.191,0.6,0.086,1.9,0.039,0.6,0.5,0.1,2090,high,900+,33.9
0.7,0.3,1.1,0.14,2.9,0.25,3.5,0.14,1.5,0.24,1.5,0.23,2.8,0.11,0.011,1.8,0.099,1.2,0.029,1.6,1.7,1.1,672,low,900+,28.8
0.6,0.5,3.6,0.14,4.2,0.16,1.1,0.18,2,0.27,1.6,0.21,1.3,0.16,0.174,0.6,0.062,1.5,0.001,0.9,0.4,0.5,1152,average,900+,41
0.7,0.3,2.9,0.19,1.4,0.26,3,0.18,4.8,0.29,3.3,0.16,3.3,0.13,0.02,0.8,0.099,1.6,0.052,0.8,0.5,1.2,1458,low,900+,37.7
0.5,0.3,1.7,NA,1.3,0.18,3.1,0.12,4.3,0.17,3.2,0.25,1.2,0.24,0.198,1.8,0.2,1.9,0.059,1.5,2.4,2.4,1232,average,950+,41.8
0.8,0.3,NA,0.23,1.7,0.29,4.9,0.25,4.1,0.13,1.2,0.23,3.3,0.21,0.071,0.9,0.047,0.8,0.032,0.8,2,3,1456,high,950+,38.8
0.8,0.4,4.1,0.12,1.8,0.16,1.1,0.14,2.4,0.1,1.7,0.24,2,0.3,0.022,0.7,0.03,0.6,0.075,1.2,1.3,3,4320,high,950+,33.5
0.7,0.2,3.4,0.17,1.2,0.12,3.6,0.25,3.3,0.22,1.2,0.29,1,0.23,0.194,1.2,0.032,0.6,0.075,0.7,0.8,2.5,1760,high,950+,39.2
0.6,0.3,4.8,0.2,3.4,0.24,2.8,0.25,2.9,0.29,3.4,0.29,3.3,0.1,0.046,1.7,0.172,0.8,0.069,0.8,2.5,2.8,840,low,950+,39.9
0.9,0.4,2.7,0.21,4.2,0.19,4.9,0.18,3.9,0.24,2.8,0.29,3.6,0.25,0.138,1.5,0.066,2,0.025,1.8,2.9,3,2016,average,950+,30.6
0.8,0.5,4.5,0.21,3.3,0.16,2.7,0.16,4.2,0.17,2.3,0.26,3.3,0.17,0.138,1,0.031,1.2,0.06,1,2,2.3,780,low,950+,42
0.7,0.5,2.6,0.19,5,0.3,4.8,0.13,1.8,0.16,2.2,0.26,1.1,0.13,0.007,0.7,0.14,1.4,0.091,0.7,1,2.2,1274,average,950+,2.8
0.5,0.3,2.6,0.18,1.8,0.21,1.2,0.12,1.5,0.11,3.3,0.15,1.9,0.14,0.052,0.8,0.097,1,0.047,0.8,2.7,1.7,2898,high,950+,28.1
0.9,0.3,4.1,0.19,3.3,0.23,2.8,0.16,4.8,0.16,4.5,0.15,2.9,0.13,0.042,1.4,0.096,1.2,0.033,0.6,NA,0.6,3300,high,950+,25.2
0.5,0.3,3.8,0.25,1.4,0.23,3.5,0.14,4.4,0.12,2.4,0.19,2.5,0.27,0.003,1.9,0.178,0.6,0.094,1.4,1.1,0.5,180,low,950+,38.6
0.9,0.3,4.6,0.23,1.7,0.23,3.5,0.12,2.6,0.14,2.4,0.3,4,0.24,0.071,0.8,0.077,1,0.093,0.5,1.3,2.2,702,low,950+,46
0.5,0.5,2.6,0.16,1.3,0.23,NA,0.11,2.9,0.16,4.3,0.29,3.7,0.2,0.14,1.5,0.173,0.7,0.073,1.6,0.8,2.9,2760,average,950+,38.2
0.8,0.3,3.4,0.14,2.2,0.24,4.1,0.2,2.6,0.22,2.2,0.13,NA,0.16,0.071,1.4,0.166,0.6,0.054,1,2.2,0.2,522,low,950+,43.7
0.5,0.4,3.3,0.27,1.8,0.26,4.8,0.12,1.1,0.15,4.2,0.13,4.8,0.2,0.031,1.7,0.169,1.3,0.046,0.8,1.5,2.2,525,low,950+,36.4
